model_name,scs,l3_weight_cuts,l3_output_cuts,lcus,weights,ops_per_image,macs_per_image,total_4bit_macs_per_frame,pure_ops_per_image,pure_macs_per_image,power,fps,subclusters_per_target,l3_cuts_per_target,layers_per_target,l2_cuts_per_target_normalized,l2_cuts_used_normalized,profiling_mode,layers,l3_total_cuts,net_input_throughput,gross_input_throughput,net_output_throughput,gross_output_throughput,latency,input_aligners,input_aligners_per_target,apus,apus_per_target,l4_cuts,l4_cuts_per_target,l2_weights,l2_data_usage,l2_cuts_per_target,number_of_devices,number_of_contexts,calibration,transpose,resize_input,normalization,input_conversion,nms,optimization_level,compression_level,compression_rate,hw_arch,stream_fps,optimization_goal_fps,context_switch_configs,l2_cut_size,l3_cut_size,l4_cut_size,scs_16bit,subclusters_16bit_per_target,device_ops_per_second
yolo11n_640,503,77,581,190,2616490.0,6547916800.0,3291520800.0,0.0,6546278400.0,3290701600.0,,N/A,240,640,80,120.0,251.5,post_placement,140,658,N/A,N/A,N/A,N/A,N/A,215,160,201,120,0,32,2705152,945280,240,3,4,64,False,False,True,False,False,0,0,N/A,hailo10h,,,,16384.0,32768.0,32768.0,0,60,18432000000000.0

context_name,csw_scs_mac_util,b8_csw_scs_mac_util, ,lcu_util,l3_util,mapping_util,active_mac_util,width_align_util,feature_align_util,balance_fps_util,mac_layers_util,effective_mac_util,scs_mac_util, ,fps,1/fps (s),drain (s),latency_util,b8_latency_util, ,context_overhead,overhead_util,b8_overhead_util,total_mac_util,b8_total_mac_util,boundary_in_bytes,boundary_out_bytes,inter_context_in_bytes,inter_context_out_bytes,ddr_portals_in_bytes,ddr_portals_out_bytes
contexts_total,0.13417822195942522,0.21124823069848978,,0.5928861925706621,0.2569209835671337,0.528728235607976,0.7130754399029949,0.9462596078139068,0.9787546582044763,0.745444670410608,0.8741083377265685,0.49431263579402357,0.23013169974833672,,no runtime data,no runtime data,N/A,0.5830497150377694,0.917944946000498,,no runtime data,no runtime data,no runtime data,no runtime data,no runtime data,1228800.0,1209600.0,3341600.0,3290400.0,0.0,0.0
yolo11n_640_context_0,0.19860779737424042,0.22824959004922712,,0.6,0.3109375,0.6,0.5795172548384776,1.0,0.9921897117295546,0.7585119331300453,0.8680555555555556,0.44778652569079214,0.2332221487972876,,2065.354707459717,0.00048417833333333336,8.438500000000003e-05,0.851582057700989,0.9786788743105934,,no runtime data,,,,,1228800.0,0.0,0.0,1126400.0,0.0,0.0
yolo11n_640_context_1,0.06112396603746624,0.1491797145188306,,0.6,0.228125,0.4666666666666667,0.824507936463814,0.8888616553703187,0.9637549475738658,0.71487218961353,0.8125,0.49539367563061654,0.18783676867660876,,3331.131085560102,0.0003001983333333333,0.000622325,0.32541001672947745,0.7941986841546849,,no runtime data,,,,,0.0,0.0,358400.0,730400.0,0.0,0.0
yolo11n_640_context_2,0.17882084579007196,0.25534703710868306,,0.5875,0.2828125,0.5166666666666667,0.789181892253076,0.978781180763033,0.9794281472082822,0.8311377292114569,0.8548387096774194,0.6157909619833762,0.27197434154265787,,2221.095222053995,0.0004502283333333333,0.00023453833333333338,0.6574916029791169,0.9388644372124828,,no runtime data,,,,,0.0,0.0,1549600.0,1433600.0,0.0,0.0
yolo11n_640_context_3,0.1344459559713748,0.19869479558478656,,0.5875,0.20625,0.5125,0.7653766706107974,0.8865839367233607,0.9713504322860091,0.6620343040355905,0.9512195121951219,0.4374425561653971,0.21325324613063107,,2209.741276125587,0.0004525416666666667,0.0002652633333333333,0.6304520958570458,0.9317316345237412,,no runtime data,,,,,0.0,1209600.0,1433600.0,0.0,0.0,0.0

layer_name,layer_type,input_height,input_width,output_channels,input_channels,kernel_height,kernel_width,strides_row,strides_col,predecessors,successors,weights,macs,power,fps,total cycles,theoretical cycles,scs,apus,input_aligners,of_per_sc,of_per_mac,l3_output_cuts,l2_weights_usage_ratio,groups,dilation_height,dilation_width,16x4_configuration,elementwise_feed_repeat,ew_add_enabled,defuse_mode,node_layer_input_bw,node_layer_output_bw,defuse_name,l3_weight_cuts,l4_cuts,lcus,node_layer_latency,deprecated,output_features_per_sc,mac_computation_utilization,apu_activation_utilization,subcluster_utilization,buffers_num,buffer_size,context,did_reach_fps,latency,l2_weights,ops,l2_data_usage,input_activation_bits,input_range_min,input_range_max,kernel_range_min,kernel_range_max,output_range_min,output_range_max,output_activation_bits,weights_bits,bias_bits,active_mac_util,width_align_util,feature_align_util,balance_fps_util,mac_layers_util,effective_mac_util,is_4bit_enhanced,is_smuffer_in,is_smuffer_out,scs_16bit
normalization1,normalization,640,640,3,3,1,1,,,input_layer1,conv1,0,2457600,,2663.27,225287,,4.0,4.0,3.0,8,1,6.0,,,1,1,False,,False,combined (SPATIAL_W),6344.7698974609375,13535.5087890625,,0.0,0.0,3.0,0.4650783333333333,0,3,0.6589033752679825,0.7422897815704346,0.4406090146706303,6.0,7040,yolo11n_640_context_0,False,0.00046609166666666666,0,4915200,0,8,0.0,255.0,0.003921568859368563,0.003921568859368563,0.0,1.0,8,8,16,0.4545313417911529,1.0,0.375,0.7754959432991286,0.5,0.1321827043730058,False,False,False,0.0
conv1,conv,640,640,16,3,3,3,2,2,normalization1,conv2,448.0,45875200,,2204.76,272138,69120,16.0,11.0,8.0,8,1,27.0,,1,1,1,False,,False,combined (SPATIAL_W),18611.32501220703,16919.385986328125,,0.0,0.0,8.0,0.46673333333333333,0,8,0.4943886622786522,0.5002386532723904,0.39551542118864835,43.0,16256,yolo11n_640_context_0,False,0.00047146,2240,88473600,11520,8,0.0,1.0,-18.01922607421875,17.149019241333008,-0.2843352258205414,72.22114562988281,8,8,16,0.2939464516861982,1.0,1.0,0.929706133231038,0.625,0.27328772503218607,False,False,False,0.0
conv2,conv,320,320,32,16,3,3,2,2,conv1,conv_feature_splitter1_1 conv_feature_splitter1_2,4640.0,118784000,,2332.68,257215,115200,17.0,5.0,5.0,32,1,10.0,,1,1,1,False,,False,combined (SPATIAL_W),13958.493438720703,6767.75439453125,,0.0,0.0,5.0,0.4704383333333333,0,32,0.46619990643332987,0.32570999562740327,0.4059272462649563,10.0,10240,yolo11n_640_context_0,False,0.000479365,18560,235929600,12288,8,-0.2843352258205414,72.22114562988281,-2.5085504055023193,1.818914532661438,-0.6558701992034912,166.59103393554688,8,8,16,0.46969008850476096,1.0,1.0,0.8712812866595206,0.9411764705882353,0.40926724847818685,False,False,False,0.0
conv_feature_splitter1_1,conv,160,160,16,32,1,1,1,1,conv2,concat1,528.0,13516800.0,,3749.84,160007,102400.0,2,1,1,8,1,1,1,1,1,1,False,,False,,1691.9385986328125,845.9692993164062,yolo11n_640/conv_feature_splitter1_1,0,0,1,0.4695016666666667,0,8,0.6799702644348145,0.6399719715118408,0.3745176608529961,12,2560,yolo11n_640_context_0,False,0.00048104666666666664,528.0,26214400.0,256,8,-0.6558701992034912,166.59103393554688,-1.25482976436615,1.372354507446289,-0.7688690423965454,64.58499908447266,8,8,16,0.6799702644348145,1.0,1.0,0.5507853511275115,1.0,0.3745176608529961,False,False,False,0
conv_feature_splitter1_2,conv,160,160,16,32,1,1,1,1,conv2,conv4 ew_add1 concat1,528.0,13516800.0,,2109.06,284487,204800.0,1,1,1,16,2,8,1,1,1,1,False,,False,,1691.9385986328125,845.9692993164062,yolo11n_640/conv_feature_splitter1_2,0,0,1,0.47412000000000004,0,16,0.7648855447769165,0.3599461615085602,0.7490352865058351,8,2560,yolo11n_640_context_0,False,0.000485665,528.0,26214400.0,256,8,-0.6558701992034912,166.59103393554688,-1.4139195680618286,0.6104673147201538,-0.6783645153045654,56.98261642456055,8,8,16,0.7648855447769165,1.0,1.0,0.9792776077684875,1.0,0.7490352865058351,False,False,False,0
conv4,conv,160,160,8,16,3,3,1,1,conv_feature_splitter1_2,conv5,1160.0,29696000,,2065.35,290507,230400,3.0,3.0,3.0,8,1,6.0,,1,1,1,False,,False,combined (SPATIAL_W),1903.430923461914,845.9692993164062,,0.0,0.0,3.0,0.48146,0,8,0.6899498403072357,0.3454686949650447,0.5758208910108992,30.0,2560,yolo11n_640_context_0,False,0.0004966183333333334,2320,58982400,5376,8,-0.6783645153045654,56.98261642456055,-0.29627710580825806,0.24736309051513672,-0.27874332666397095,3.9024064540863037,8,8,16,0.8198962185558907,1.0,1.0,0.9997245435182179,0.6666666666666666,0.8196704350206075,False,False,False,0.0
conv5,conv,160,160,16,8,3,3,1,1,conv4,ew_add1,1168.0,29900800.0,,2803.93,213985,115200.0,4,1,2,4,1,2,1,1,1,1,True,,False,,422.9846496582031,845.9692993164062,yolo11n_640/conv5,0,0,1,0.479675,0,4,0.567703366279602,0.4785382151603699,0.41816549974128203,2,2560,yolo11n_640_context_0,False,0.0005008033333333333,1168.0,58982400.0,10752,8,-0.27874332666397095,3.9024064540863037,-11.583559036254883,10.152022361755371,-0.39475077390670776,33.15906524658203,8,8,16,0.567703366279602,1.0,1.0,0.7365915451262791,1.0,0.41816549974128203,False,False,False,0
ew_add1,ew_add,160,160,16,16,,,,,conv_feature_splitter1_2 conv5,concat1,0,204800.0,,3826.46,156803,,1,1,1,16,0,1,0.0,,,,False,,False,,845.9692993164062,0.0,yolo11n_640/ew_add1,1,0,1,0.4761083333333333,0,16,0.6530487537384033,0.6530487537384033,0.35248721625448903,12,2560,yolo11n_640_context_0,False,0.0005024516666666666,0,409600.0,0,8,N/A,N/A,N/A,N/A,-1.0251100063323975,86.10924530029297,8,8,16,0.6530487537384033,1.0,1.0,0.5397563569896766,1.0,0.35248721625448903,False,False,False,0
concat1,concat,160|160|160,160|160|160,48,16|16|16,,,,,conv_feature_splitter1_1 conv_feature_splitter1_2 ew_add1,conv6,0,0,,3158.98,189935,,2,2,1,24,0,2,1,,,,False,,False,,845.9692993164062,0.0,yolo11n_640/concat1,0,0,1,0.47669666666666666,0,24,0.8086977005004883,0.8086977005004883,0.5287307973458824,2,384,yolo11n_640_context_0,False,0.0005046883333333334,0,0,0,8,N/A,N/A,N/A,N/A,-1.0251100063323975,86.10924530029297,8,8,8,0.8086977005004883,1.0,1.0,0.6538052439356022,0.0,0.5287307973458824,False,False,True,0
conv6,conv,160,160,64,48,1,1,1,1,concat1,conv7,3136.0,80281600,,2163.82,277287,153600,12.0,6.0,4.0,32,2,20.0,,1,1,1,False,,False,combined (),9305.662475585938,6767.75439453125,,0.0,0.0,4.0,0.47834333333333334,0,32,0.6581453084945679,0.7794909775257111,0.5727916878212707,26.0,28160,yolo11n_640_context_0,False,0.00051135,6272,157286400,2048,8,-1.0251100063323975,86.10924530029297,-1.0541205406188965,1.0790996551513672,-0.35266369581222534,22.12964630126953,8,8,16,0.577019453048706,1.0,1.0,0.9544933512789706,0.6666666666666666,0.5507612314936181,False,False,False,0.0
conv7,conv,160,160,64,64,3,3,2,2,conv6,conv_feature_splitter2_1 conv_feature_splitter2_2,36928.0,236339200,,2131.19,281533,138240,33.0,5.0,5.0,64,1,6.0,,1,1,1,False,,False,combined (SPATIAL_W),13789.299575805664,3383.877197265625,,0.0,0.0,5.0,0.47863833333333333,0,64,0.503584572763154,0.22980610579252245,0.39577203988728626,93.0,10240,yolo11n_640_context_0,False,0.0005175933333333334,147712,471859200,14336,8,-0.35266369581222534,22.12964630126953,-0.8406428694725037,0.7855956554412842,-0.3658665418624878,22.958126068115234,8,8,16,0.5081732292604138,1.0,1.0,0.7920822632127108,0.9696969696969697,0.40263230356563723,False,False,False,0.0
conv_feature_splitter2_1,conv,80,80,32,64,1,1,1,1,conv7,concat2,2080.0,13312000.0,,2455.73,244327,204800.0,1,1,1,32,4,1,1,1,1,1,False,,False,,845.9692993164062,422.9846496582031,yolo11n_640/conv_feature_splitter2_1,0,0,1,0.47762,0,32,0.8644152879714966,0.2095552235841751,0.727004836593307,12,2560,yolo11n_640_context_0,False,0.0005226983333333333,2080.0,26214400.0,512,8,-0.3658665418624878,22.958126068115234,-1.2048206329345703,1.0484079122543335,-0.37139707803726196,5.199559211730957,8,8,16,0.8644152879714966,1.0,1.0,0.841036532682517,1.0,0.727004836593307,False,False,False,0
conv_feature_splitter2_2,conv,80,80,32,64,1,1,1,1,conv7,conv9 ew_add2 concat2,2080.0,13312000.0,,2455.73,244327,204800.0,1,1,1,32,4,3,1,1,1,1,False,,False,,845.9692993164062,422.9846496582031,yolo11n_640/conv_feature_splitter2_2,0,0,1,0.47762,0,32,0.8644152879714966,0.2095552235841751,0.727004836593307,36,2560,yolo11n_640_context_0,False,0.0005226983333333333,2080.0,26214400.0,512,8,-0.3658665418624878,22.958126068115234,-0.897923469543457,0.5336679816246033,-0.3195089101791382,4.4731245040893555,8,8,16,0.8644152879714966,1.0,1.0,0.841036532682517,1.0,0.727004836593307,False,False,False,0
conv9,conv,80,80,16,32,3,3,1,1,conv_feature_splitter2_2,conv10,4624.0,29593600.0,,3211.03,186856,115200.0,4,1,2,4,1,1,1,1,1,1,True,,False,,422.9846496582031,211.49232482910156,yolo11n_640/conv9,0,0,1,0.4795583333333333,0,4,0.6384595632553101,0.13700389862060547,0.4106613615218711,255,128,yolo11n_640_context_0,False,0.0005297416666666667,4624.0,58982400.0,5120,8,-0.3195089101791382,4.4731245040893555,-0.7823365926742554,0.4768100678920746,-0.29447928071022034,4.122710227966309,8,8,16,0.6384595632553101,1.0,1.0,0.6432065320284881,1.0,0.4106613615218711,False,False,True,0
conv10,conv,80,80,32,16,3,3,1,1,conv9,ew_add2,4640.0,29696000.0,,3626.93,165429,115200.0,4,1,2,8,2,1,1,1,1,1,True,,False,,211.49232482910156,422.9846496582031,yolo11n_640/conv10,0,0,1,0.4776233333333333,0,8,0.7260516881942749,0.3094983398914337,0.4134496061240889,12,2560,yolo11n_640_context_0,False,0.00053456,4640.0,58982400.0,11264,8,-0.29447928071022034,4.122710227966309,-1.6740418672561646,1.173708200454712,-0.2888704538345337,7.895792484283447,8,8,16,0.7260516881942749,1.0,1.0,0.5694492731672558,1.0,0.4134496061240889,False,True,False,0
ew_add2,ew_add,80,80,32,32,,,,,conv_feature_splitter2_2 conv10,concat2,0,102400.0,,7621.66,78723,,1,1,1,32,0,1,0.0,,,,False,,False,,422.9846496582031,0.0,yolo11n_640/ew_add2,1,0,1,0.46872166666666665,0,32,0.6503817439079285,0.6503817439079285,0.17624360867608643,12,2560,yolo11n_640_context_0,False,0.000536215,0,204800.0,0,8,-0.3195089101791382,4.4731245040893555,N/A,N/A,-0.8467469215393066,11.854456901550293,8,8,16,0.6503817439079285,1.0,1.0,0.2709848643922521,1.0,0.17624360867608643,False,False,False,0
concat2,concat,80|80|80,80|80|80,96,32|32|32,,,,,conv_feature_splitter2_1 conv_feature_splitter2_2 ew_add2,conv11,0,0,,3699.71,162175,,1,1,1,96,0,1,1,,,,False,,False,,422.9846496582031,0.0,yolo11n_640/concat2,0,0,1,0.47614,0,96,0.4735625088214874,0.9471250176429749,0.26436540210089504,42,768,yolo11n_640_context_0,False,0.0005452883333333334,0,0,0,8,-0.37139707803726196,5.199559211730957,N/A,N/A,-0.8467469215393066,11.854456901550293,8,8,8,0.4735625088214874,1.0,1.0,0.5582481661371326,0.0,0.26436540210089504,False,False,True,0
conv11,conv,80,80,128,96,1,1,1,1,concat2,conv12 concat11,12416.0,79462400.0,,2212.33,271207,153600.0,8,1,1,16,2,4,1,1,1,1,False,,False,,1268.9539794921875,1691.9385986328125,yolo11n_640/conv11,0,0,1,0.4775133333333333,0,16,0.5781561732292175,0.7551427483558655,0.5397460345980524,4,10240,yolo11n_640_context_0,False,0.0005470166666666666,12416.0,157286400.0,2048,8,-0.8467469215393066,11.854456901550293,-1.2071584463119507,1.2485100030899048,-0.33850350975990295,6.854696273803711,8,8,16,0.5781561732292175,1.0,1.0,0.9335644235767124,1.0,0.5397460345980524,False,True,False,0
conv12,conv,80,80,128,128,3,3,2,2,conv11,conv_feature_splitter3_1 conv_feature_splitter3_2,147584.0,236134400,,2540.46,236178,184320,25.0,4.0,4.0,128,2,5.0,,1,1,1,False,,False,combined (SPATIAL_W),5245.009658813477,1268.9539489746094,,24.0,0.0,4.0,0.4778816666666667,0,128,0.789581514596939,0.22068600729107857,0.5209155002888954,76.0,10240,yolo11n_640_context_0,False,0.0005565166666666667,370688,471859200,16384,8,-0.33850350975990295,6.854696273803711,-0.616086483001709,0.6593132615089417,-0.2937890291213989,7.197831630706787,8,8,16,0.8108847608977884,1.0,1.0,0.6656924811879243,0.96,0.5389485712335604,False,False,False,0.0
conv_feature_splitter3_1,conv,40,40,64,128,1,1,1,1,conv12,concat4,8256.0,13209600.0,,2654.32,226047,204800.0,1,1,1,64,8,1,1,1,1,1,False,,False,,422.9846496582031,211.49232482910156,yolo11n_640/conv_feature_splitter3_1,0,0,1,0.4753016666666667,0,64,0.9201626181602478,0.11325078457593918,0.7159896296725019,12,2560,yolo11n_640_context_0,False,0.00056595,8256.0,26214400.0,1024,8,-0.2937890291213989,7.197831630706787,-1.8272727727890015,1.1869373321533203,-0.32969823479652405,9.011752128601074,8,8,16,0.9201626181602478,1.0,1.0,0.778112059261911,1.0,0.7159896296725019,False,False,False,0
conv_feature_splitter3_2,conv,40,40,64,128,1,1,1,1,conv12,conv14 conv15 concat4,8256.0,13209600.0,,2654.32,226047,204800.0,1,1,1,64,8,2,1,1,1,1,False,,False,,422.9846496582031,211.49232482910156,yolo11n_640/conv_feature_splitter3_2,0,0,1,0.4753016666666667,0,64,0.9201626181602478,0.11325078457593918,0.7159896296725019,24,2560,yolo11n_640_context_0,False,0.00056595,8256.0,26214400.0,1024,8,-0.2937890291213989,7.197831630706787,-2.5592615604400635,2.2107958793640137,-0.30872219800949097,8.438406944274902,8,8,16,0.9201626181602478,1.0,1.0,0.778112059261911,1.0,0.7159896296725019,False,False,False,0
conv14,conv,40,40,32,64,1,1,1,1,conv_feature_splitter3_2,conv16 ew_add3,2080.0,3328000.0,,9620.47,62367,51200.0,1,1,1,32,4,1,1,1,1,1,False,,False,,211.49232482910156,105.74616241455078,yolo11n_640/conv14,0,0,1,0.4684816666666667,0,32,0.8466015458106995,0.2052367478609085,0.18175120946337228,25,1280,yolo11n_640_context_0,False,0.0005685633333333334,2080.0,6553600.0,512,8,-0.30872219800949097,8.438406944274902,-0.47534140944480896,0.4581695795059204,-0.2811773419380188,3.9364829063415527,8,8,16,0.8466015458106995,1.0,1.0,0.21468329506690026,1.0,0.18175120946337228,False,False,False,0
conv15,conv,40,40,32,64,1,1,1,1,conv_feature_splitter3_2,concat3,2080.0,3328000.0,,9620.47,62367,51200.0,1,1,1,32,4,1,1,1,1,1,False,,False,,211.49232482910156,105.74616241455078,yolo11n_640/conv15,0,0,1,0.4684816666666667,0,32,0.8466015458106995,0.2052367478609085,0.18175120946337228,25,1280,yolo11n_640_context_0,False,0.0005685633333333334,2080.0,6553600.0,512,8,-0.30872219800949097,8.438406944274902,-1.580207347869873,2.4169564247131348,-0.6160219311714172,10.604377746582031,8,8,16,0.8466015458106995,1.0,1.0,0.21468329506690026,1.0,0.18175120946337228,False,False,False,0
conv16,conv,40,40,32,32,3,3,1,1,conv14,conv17,9248.0,14796800.0,,3644.25,164643,115200.0,2,1,2,16,2,2,1,1,1,1,True,,False,,170.55392456054688,170.55392456054688,yolo11n_640/conv16,0,0,1,0.26818666666666663,0,16,0.8891237378120422,0.09329275786876678,0.8127293598375966,2,1280,yolo11n_640_context_1,False,0.0002743866666666667,9248.0,29491200.0,6656,8,-0.2811773419380188,3.9364829063415527,-0.9649420380592346,0.7159014940261841,-0.28130096197128296,6.239766597747803,8,8,16,0.8891237378120422,0.8333333333333334,1.0,0.9140790255331198,1.0,0.6772744665313306,False,False,False,0
conv17,conv,40,40,32,32,3,3,1,1,conv16,ew_add3,9248.0,14796800.0,,3644.25,164643,115200.0,2,1,2,16,2,1,1,1,1,1,True,,False,,170.55392456054688,170.55392456054688,yolo11n_640/conv17,0,0,1,0.26848333333333335,0,16,0.8891237378120422,0.09329275786876678,0.8127293598375966,25,1280,yolo11n_640_context_1,False,0.00028750833333333333,9248.0,29491200.0,6656,8,-0.28130096197128296,6.239766597747803,-0.8916174173355103,0.7809720635414124,-0.29122549295425415,7.135024547576904,8,8,16,0.8891237378120422,0.8333333333333334,1.0,0.9140790255331198,1.0,0.6772744665313306,False,False,False,0
ew_add3,ew_add,40,40,32,32,,,,,conv14 conv17,conv18 ew_add4,0,25600.0,,29757.48,20163,,1,1,1,32,0,1,0.0,,,,False,,False,,170.55392456054688,0.0,yolo11n_640/ew_add3,1,0,1,0.25621666666666665,0,32,0.6348261833190918,0.6348261833190918,0.07106413168107112,25,1280,yolo11n_640_context_1,False,0.00028836333333333335,0,51200.0,0,8,N/A,N/A,N/A,N/A,-0.6057761311531067,7.1178693771362305,8,8,16,0.6348261833190918,1.0,1.0,0.11194266013024723,1.0,0.07106413168107112,False,False,False,0
conv18,conv,40,40,32,32,3,3,1,1,ew_add3,conv19,9248.0,14796800.0,,3644.25,164643,115200.0,2,1,2,16,2,2,1,1,1,1,True,,False,,170.55392456054688,170.55392456054688,yolo11n_640/conv18,0,0,1,0.26848333333333335,0,16,0.8891237378120422,0.09329275786876678,0.8127293598375966,2,1280,yolo11n_640_context_1,False,0.000301485,9248.0,29491200.0,6656,8,-0.6057761311531067,7.1178693771362305,-0.5252237319946289,0.46238839626312256,-0.2971866726875305,5.532243728637695,8,8,16,0.8891237378120422,0.8333333333333334,1.0,0.9140790255331198,1.0,0.6772744665313306,False,False,False,0
conv19,conv,40,40,32,32,3,3,1,1,conv18,ew_add4,9248.0,14796800.0,,3644.25,164643,115200.0,2,1,2,16,2,1,1,1,1,1,True,,False,,170.55392456054688,170.55392456054688,yolo11n_640/conv19,0,0,1,0.26848333333333335,0,16,0.8891237378120422,0.09329275786876678,0.8127293598375966,25,1280,yolo11n_640_context_1,False,0.0003146066666666667,9248.0,29491200.0,6656,8,-0.2971866726875305,5.532243728637695,-1.2537113428115845,1.0884875059127808,-0.29203373193740845,10.346338272094727,8,8,16,0.8891237378120422,0.8333333333333334,1.0,0.9140790255331198,1.0,0.6772744665313306,False,False,False,0
ew_add4,ew_add,40,40,32,32,,,,,ew_add3 conv19,concat3,0,25600.0,,29757.48,20163,,1,1,1,32,0,1,0.0,,,,False,,False,,170.55392456054688,0.0,yolo11n_640/ew_add4,1,0,1,0.25621666666666665,0,32,0.6348261833190918,0.6348261833190918,0.07106413168107112,25,1280,yolo11n_640_context_1,False,0.00031546166666666665,0,51200.0,0,8,N/A,N/A,N/A,N/A,-1.0915398597717285,18.79007911682129,8,8,16,0.6348261833190918,1.0,1.0,0.11194266013024723,1.0,0.07106413168107112,False,False,False,0
concat3,concat,40|40,40|40,64,32|32,,,,,ew_add4 conv15,conv20,0,0,,21543.21,27851,,1,1,1,64,0,1,1,,,,False,,False,,170.55392456054688,0.0,yolo11n_640/concat3,0,0,1,0.26524666666666663,0,64,0.45958852767944336,0.9191770553588867,0.07106413029386226,64,512,yolo11n_640_context_1,False,0.00032534666666666665,0,0,0,8,-1.0915398597717285,18.79007911682129,N/A,N/A,-1.0915398597717285,18.79007911682129,8,8,8,0.45958852767944336,1.0,1.0,0.15462555310655732,0.0,0.07106413029386226,False,False,True,0
conv20,conv,40,40,64,64,1,1,1,1,concat3,concat4,4160.0,6656000.0,,4836.88,124047,102400.0,1,1,1,64,8,1,1,1,1,1,False,,False,,341.10784912109375,341.10784912109375,yolo11n_640/conv20,0,0,1,0.26698500000000003,0,64,0.851290225982666,0.206373393535614,0.5862790636327748,12,2560,yolo11n_640_context_1,False,0.00032733333333333334,4160.0,13107200.0,1024,8,-1.0915398597717285,18.79007911682129,-0.884232759475708,0.673460841178894,-0.3448650538921356,9.426311492919922,8,8,16,0.851290225982666,1.0,1.0,0.6886946962841233,1.0,0.5862790636327748,False,True,False,0
concat4,concat,40|40|40,40|40|40,192,64|64|64,,,,,conv_feature_splitter3_1 conv_feature_splitter3_2 conv20,conv21,0,0,,7585.81,79095,,1,1,1,192,0,1,1,,,,False,,False,,341.10784912109375,0.0,yolo11n_640/concat4,0,0,1,0.2716983333333333,0,192,0.48549214005470276,0.9709842801094055,0.21319239401521614,21,1536,yolo11n_640_context_1,False,0.00033723,0,0,0,8,N/A,N/A,N/A,N/A,-0.3448650538921356,9.426311492919922,8,8,8,0.48549214005470276,1.0,1.0,0.43912635535396044,0.0,0.21319239401521614,False,False,True,0
conv21,conv,40,40,128,192,1,1,1,1,concat4,conv22 concat9,24704.0,39526400.0,,4180.40,143527,102400.0,6,1,1,24,3,6,1,1,1,1,False,,False,,1023.323486328125,767.4926147460938,yolo11n_640/conv21,0,0,1,0.27310333333333336,0,22,0.8109972476959229,0.401318222284317,0.6462394415361661,6,5760,yolo11n_640_context_1,False,0.00033931,24704.0,78643200.0,2304,8,-0.3448650538921356,9.426311492919922,-0.8362548351287842,0.7390779256820679,-0.3242979645729065,8.864144325256348,8,8,16,0.8109972476959229,1.0,0.8888888888888888,0.7968454188619745,1.0,0.5744350591432587,False,True,False,0
conv22,conv,40,40,256,128,3,3,2,2,conv21,conv_feature_splitter4_1 conv_feature_splitter4_2,295168.0,118067200,,3434.03,174722,115200,17.0,3.0,3.0,256,2,4.0,,1,1,1,False,,False,combined (NORMAL),1534.9853210449219,341.10784912109375,,16.0,0.0,3.0,0.28448,0,256,0.8002286921529209,0.38419321179389954,0.7533999479570763,52.0,8192,yolo11n_640_context_1,False,0.00036154666666666667,241664,235929600,16384,8,-0.3242979645729065,8.864144325256348,-0.6408112049102783,0.37707334756851196,-0.30774226784706116,8.411622047424316,8,8,16,0.8197193145751953,1.0,1.0,0.970036475885387,0.9411764705882353,0.7951576351257074,False,False,False,0.0
conv_feature_splitter4_1,conv,20,20,128,256,1,1,1,1,conv22,concat6,32896.0,13158400.0,,5372.25,111685,68267.0,3,1,1,48,6,1,1,1,1,1,False,,False,,341.10784912109375,191.87315368652344,yolo11n_640/conv_feature_splitter4_1,0,0,1,0.2784933333333333,0,43,0.8316246867179871,0.15472087264060974,0.5156591094559618,28,1152,yolo11n_640_context_1,False,0.00036689,32896.0,26214400.0,0,8,-0.30774226784706116,8.411622047424316,-1.041820764541626,2.156311273574829,-0.2854887545108795,10.114459037780762,8,8,16,0.8316246867179871,0.8333333333333334,0.8888888888888888,0.6200622921512999,1.0,0.38196971070811986,False,True,True,0
conv_feature_splitter4_2,conv,20,20,128,256,1,1,1,1,conv22,conv24 conv25 concat6,32896.0,13158400.0,,5372.25,111685,68267.0,3,1,1,48,6,3,1,1,1,1,False,,False,,341.10784912109375,191.87315368652344,yolo11n_640/conv_feature_splitter4_2,0,0,1,0.2784933333333333,0,43,0.8316246867179871,0.15472087264060974,0.5156591094559618,84,1152,yolo11n_640_context_1,False,0.00036689,32896.0,26214400.0,0,8,-0.30774226784706116,8.411622047424316,-0.9499959945678711,1.1060817241668701,-0.3041715621948242,10.776363372802734,8,8,16,0.8316246867179871,0.8333333333333334,0.8888888888888888,0.6200622921512999,1.0,0.38196971070811986,False,True,True,0
conv24,conv,20,20,64,128,1,1,1,1,conv_feature_splitter4_2,conv26 ew_add5,8256.0,3302400.0,,8717.51,68827,51200.0,1,1,1,64,8,1,1,1,1,1,False,,False,,170.55392456054688,85.27696228027344,yolo11n_640/conv24,0,0,1,0.2774666666666667,0,64,0.9066209197044373,0.1115841194987297,0.34643762201931666,21,1536,yolo11n_640_context_1,False,0.00036898,8256.0,6553600.0,1024,8,-0.3041715621948242,10.776363372802734,-1.742340326309204,0.8745625615119934,-0.3053234815597534,7.480424880981445,8,8,16,0.9066209197044373,0.8333333333333334,1.0,0.3821195987097419,1.0,0.2886980183494306,False,True,False,0
conv25,conv,20,20,64,128,1,1,1,1,conv_feature_splitter4_2,concat5,8256.0,3302400.0,,8717.51,68827,51200.0,1,1,1,64,8,1,1,1,1,1,False,,False,,170.55392456054688,85.27696228027344,yolo11n_640/conv25,0,0,1,0.2774666666666667,0,64,0.9066209197044373,0.1115841194987297,0.34643762201931666,21,1536,yolo11n_640_context_1,False,0.00036898,8256.0,6553600.0,1024,8,-0.3041715621948242,10.776363372802734,-0.964029848575592,1.2464402914047241,-0.7708314657211304,13.269312858581543,8,8,16,0.9066209197044373,0.8333333333333334,1.0,0.3821195987097419,1.0,0.2886980183494306,False,True,False,0
conv26,conv,20,20,64,64,3,3,1,1,conv24,conv27,36928.0,14771200.0,,6082.91,98637,57600.0,4,1,1,16,2,1,1,1,1,1,False,,False,,85.27696228027344,85.27696228027344,yolo11n_640/conv26,0,0,1,0.28339333333333333,0,16,0.7740502953529358,0.0778612494468689,0.423886424989743,64,512,yolo11n_640_context_1,False,0.0003832,36928.0,29491200.0,6144,8,-0.3053234815597534,7.480424880981445,-1.0892812013626099,0.9859678149223328,-0.2809269428253174,14.046347618103027,8,8,16,0.7740502953529358,0.8333333333333334,1.0,0.5476212948106529,1.0,0.3532386874914525,False,False,True,0
conv27,conv,20,20,64,64,3,3,1,1,conv26,ew_add5,36928.0,14771200.0,,6330.05,94786,57600.0,4,1,1,16,2,1,1,1,1,1,False,,False,,85.27696228027344,85.27696228027344,yolo11n_640/conv27,0,0,1,0.2792816666666667,0,16,0.8054987192153931,0.08102462440729141,0.42388643951804217,21,1536,yolo11n_640_context_1,False,0.000395495,36928.0,29491200.0,7168,8,-0.2809269428253174,14.046347618103027,-0.7997236847877502,0.5795702338218689,-0.32516881823539734,11.520267486572266,8,8,16,0.8054987192153931,0.8333333333333334,1.0,0.5262409851264996,1.0,0.3532386995983685,False,True,False,0
ew_add5,ew_add,20,20,64,64,,,,,conv24 conv27,conv28 ew_add6,0,12800.0,,49329.94,12163,,1,1,1,64,0,2,0.0,,,,False,,False,,85.27696228027344,0.0,yolo11n_640/ew_add5,1,0,1,0.2554433333333333,0,64,0.6314231753349304,0.6314231753349304,0.042638478348196236,42,1536,yolo11n_640_context_1,False,0.00039652333333333335,0,25600.0,0,8,N/A,N/A,N/A,N/A,-1.223196268081665,11.253405570983887,8,8,16,0.6314231753349304,0.8333333333333334,1.0,0.06752757898944586,1.0,0.035532065290163534,False,False,False,0
conv28,conv,20,20,64,64,3,3,1,1,ew_add5,conv29,36928.0,14771200.0,,6082.91,98637,57600.0,4,1,1,16,2,1,1,1,1,1,False,,False,,85.27696228027344,85.27696228027344,yolo11n_640/conv28,0,0,1,0.2703066666666667,0,16,0.7740502953529358,0.0778612494468689,0.423886424989743,64,512,yolo11n_640_context_1,False,0.000412415,36928.0,29491200.0,6144,8,-1.223196268081665,11.253405570983887,-0.6131823658943176,0.5266000628471375,-0.29402294754981995,12.20195198059082,8,8,16,0.7740502953529358,0.8333333333333334,1.0,0.5476212948106529,1.0,0.3532386874914525,False,False,True,0
conv29,conv,20,20,64,64,3,3,1,1,conv28,ew_add6,36928.0,14771200.0,,6330.05,94786,57600.0,4,1,1,16,2,1,1,1,1,1,False,,False,,85.27696228027344,85.27696228027344,yolo11n_640/conv29,0,0,1,0.266195,0,16,0.8054987192153931,0.08102462440729141,0.42388643951804217,21,1536,yolo11n_640_context_1,False,0.00042471,36928.0,29491200.0,7168,8,-0.29402294754981995,12.20195198059082,-1.3228018283843994,0.9726160168647766,-0.31089839339256287,15.544919967651367,8,8,16,0.8054987192153931,0.8333333333333334,1.0,0.5262409851264996,1.0,0.3532386995983685,False,True,False,0
ew_add6,ew_add,20,20,64,64,,,,,ew_add5 conv29,concat5,0,12800.0,,49329.94,12163,,1,1,1,64,0,1,0.0,,,,False,,False,,85.27696228027344,0.0,yolo11n_640/ew_add6,1,0,1,0.24235666666666666,0,64,0.6314231753349304,0.6314231753349304,0.042638478348196236,21,1536,yolo11n_640_context_1,False,0.0004257383333333333,0,25600.0,0,8,-1.223196268081665,11.253405570983887,N/A,N/A,-1.693743348121643,29.15658187866211,8,8,16,0.6314231753349304,0.8333333333333334,1.0,0.06752757898944586,1.0,0.035532065290163534,False,False,False,0
concat5,concat,20|20,20|20,128,64|64,,,,,ew_add6 conv25,conv30,0,0,,37287.92,16091,,1,1,1,128,0,1,1,,,,False,,False,,85.27696228027344,0.0,yolo11n_640/concat5,0,0,1,0.261155,0,128,0.4772854447364807,0.9545708894729614,0.04263847840180498,32,1024,yolo11n_640_context_1,False,0.000445565,0,0,0,8,N/A,N/A,N/A,N/A,-1.693743348121643,29.15658187866211,8,8,8,0.4772854447364807,0.8333333333333334,1.0,0.08933538382957933,0.0,0.03553206533483748,False,False,True,0
conv30,conv,20,20,128,128,1,1,1,1,concat5,concat6,16512.0,6604800.0,,7544.80,79525,51200.0,2,1,1,64,8,1,1,1,1,1,False,,False,,170.55392456054688,170.55392456054688,yolo11n_640/conv30,0,0,1,0.2720183333333333,0,64,0.7846589088439941,0.19314680993556976,0.3464376313760271,32,1024,yolo11n_640_context_1,False,0.00045689,16512.0,13107200.0,0,8,-1.693743348121643,29.15658187866211,-1.0984481573104858,0.7160471677780151,-0.3523128032684326,12.481939315795898,8,8,16,0.7846589088439941,0.8333333333333334,1.0,0.44151366596527847,1.0,0.28869802614668927,False,True,True,0
concat6,concat,20|20|20,20|20|20,384,128|128|128,,,,,conv_feature_splitter4_1 conv_feature_splitter4_2 conv30,conv31,0,0,,12768.95,46989,,1,1,1,384,0,1,1,,,,False,,False,,170.55392456054688,0.0,yolo11n_640/concat6,0,0,1,0.27354833333333334,0,384,0.49032753705978394,0.9806550741195679,0.12791543723261947,10,3072,yolo11n_640_context_1,False,0.0004606433333333333,0,0,0,8,-0.2854887545108795,10.114459037780762,N/A,N/A,-0.3523128032684326,12.481939315795898,8,8,8,0.49032753705978394,0.8333333333333334,1.0,0.26087753096563937,0.0,0.10659619769384956,False,True,True,0
conv31,conv,20,20,256,384,1,1,1,1,concat6,conv32,98560.0,39424000.0,,3978.65,150805,87772.0,7,1,1,40,5,1,1,1,1,1,False,,False,,511.6617431640625,373.0867004394531,yolo11n_640/conv31,0,0,1,0.28269333333333335,0,37,0.767879068851471,0.22280427813529968,0.6429083160474246,14,2240,yolo11n_640_context_1,False,0.00047110833333333335,98560.0,78643200.0,0,8,-0.3523128032684326,12.481939315795898,-0.810772180557251,0.9420811533927917,-0.28532740473747253,10.108741760253906,8,8,16,0.767879068851471,0.8333333333333334,0.9142857142857143,0.8372520389298186,1.0,0.4898349074647044,False,True,True,0
conv32,conv,20,20,128,256,1,1,1,1,conv31,maxpool1 concat7,32896.0,13158400.0,,5788.88,103647,68267.0,3,1,1,48,6,1,1,1,1,1,False,,False,,341.10784912109375,191.87315368652344,yolo11n_640/conv32,0,0,1,0.28223499999999996,0,43,0.8961185812950134,0.1667197346687317,0.5156591064545343,9,3456,yolo11n_640_context_1,False,0.00047485333333333334,32896.0,26214400.0,2304,8,-0.28532740473747253,10.108741760253906,-0.7741556763648987,0.7145137190818787,-0.30306097865104675,7.424994468688965,8,8,16,0.8961185812950134,0.8333333333333334,0.8888888888888888,0.5754362393750798,1.0,0.38196970848484024,False,True,False,0
maxpool1,maxpool,20,20,128,128,5,5,1,1,conv32,maxpool2 concat7,0,0,,3331.13,180119,,4.0,4.0,4.0,128,0,8.0,,,1,1,False,,False,combined (COMPUTE_LANES),511.6617736816406,170.55392456054688,,0.0,0.0,3.0,0.33432666666666666,0,128,0.3460293784737587,0.7889963984489441,0.12174975834972826,28.0,5888,yolo11n_640_context_1,False,0.0005417083333333334,0,0,0,8,-0.30306097865104675,7.424994468688965,N/A,N/A,-0.30306097865104675,7.424994468688965,8,8,8,0,0,0,0,0.0,0,False,False,False,0.0
maxpool2,maxpool,20,20,128,128,5,5,1,1,maxpool1,maxpool3 concat7,0,0,,3331.13,180119,,4.0,4.0,4.0,128,0,8.0,,,1,1,False,,False,combined (COMPUTE_LANES),511.6617736816406,170.55392456054688,,0.0,0.0,3.0,0.344075,0,128,0.3460293784737587,0.7889963984489441,0.12174975834972826,13.0,6144,yolo11n_640_context_1,False,0.0005922066666666667,0,0,0,8,-0.30306097865104675,7.424994468688965,N/A,N/A,-0.30306097865104675,7.424994468688965,8,8,8,0,0,0,0,0.0,0,False,False,False,0.0
maxpool3,maxpool,20,20,128,128,5,5,1,1,maxpool2,concat7,0,0,,3331.13,180119,,4.0,4.0,4.0,128,0,7.0,,,1,1,False,,False,combined (COMPUTE_LANES),511.6617736816406,170.55392456054688,,0.0,0.0,3.0,0.347635,0,128,0.3460293784737587,0.7889963984489441,0.12174975834972826,12.0,5888,yolo11n_640_context_1,False,0.000642705,0,0,0,8,-0.30306097865104675,7.424994468688965,N/A,N/A,-0.30306097865104675,7.424994468688965,8,8,8,0,0,0,0,0.0,0,False,False,False,0.0
concat7,concat,20|20|20|20,20|20|20|20,512,128|128|128|128,,,,,conv32 maxpool1 maxpool2 maxpool3,conv33,0,0,,9643.36,62219,,1,1,1,512,0,1,1,,,,False,,False,,170.55392456054688,0.0,yolo11n_640/concat7,0,0,1,0.30496666666666666,0,512,0.4937398433685303,0.9874796867370605,0.17055390777511859,8,4096,yolo11n_640_context_1,False,0.0006478933333333333,0,0,0,8,N/A,N/A,N/A,N/A,-0.30306097865104675,7.424994468688965,8,8,8,0.4937398433685303,0.8333333333333334,1.0,0.34543274168744,0.0,0.1421282564792655,False,False,True,0
conv33,conv,20,20,256,512,1,1,1,1,concat7,conv_feature_splitter5_1 conv_feature_splitter5_2,131328.0,52531200.0,,3861.87,155365,102400.0,8,1,1,32,4,2,0.9687500009548784,1,1,1,False,,False,,682.2156982421875,341.10784912109375,yolo11n_640/conv33,8,0,1,0.316135,0,32,0.7940012216567993,0.19772793352603912,0.6848805500958178,32,2048,yolo11n_640_context_1,False,0.0006608033333333333,126976,104857600.0,0,8,-0.30306097865104675,7.424994468688965,-1.882161021232605,0.9382746815681458,-0.31164056062698364,8.51817512512207,8,8,16,0.7940012216567993,0.8333333333333334,1.0,0.8625686351800753,1.0,0.570733791746515,False,True,True,0
conv_feature_splitter5_1,conv,20,20,128,256,1,1,1,1,conv33,concat8,32896.0,13158400.0,,5788.88,103647,68267.0,3,1,1,48,6,1,1,1,1,1,False,,False,,341.10784912109375,191.87315368652344,yolo11n_640/conv_feature_splitter5_1,0,0,1,0.31506666666666666,0,43,0.8961185812950134,0.1667197346687317,0.5156591064545343,9,3456,yolo11n_640_context_1,False,0.000664065,32896.0,26214400.0,2304,8,-0.31164056062698364,8.51817512512207,-1.8697611093521118,3.3957855701446533,-2.7736337184906006,11.961295127868652,8,8,16,0.8961185812950134,0.8333333333333334,0.8888888888888888,0.5754362393750798,1.0,0.38196970848484024,False,True,False,0
conv_feature_splitter5_2,conv,20,20,128,256,1,1,1,1,conv33,format_conversion1 conv36,32896.0,13158400.0,,5788.88,103647,68267.0,3,1,1,48,6,2,1,1,1,1,False,,False,,341.10784912109375,191.87315368652344,yolo11n_640/conv_feature_splitter5_2,0,0,1,0.31506666666666666,0,43,0.8961185812950134,0.1667197346687317,0.5156591064545343,18,3456,yolo11n_640_context_1,False,0.000664065,32896.0,26214400.0,2304,8,-0.31164056062698364,8.51817512512207,-3.400834560394287,2.719916343688965,-0.27895504236221313,9.882978439331055,8,8,16,0.8961185812950134,0.8333333333333334,0.8888888888888888,0.5754362393750798,1.0,0.38196970848484024,False,True,False,0
conv_feature_splitter6_1,conv,20,20,64,128,1,1,1,1,format_conversion1,matmul1,8256.0,3302400.0,,8727.65,68747,51200.0,1,1,1,64,8,1,1,1,1,1,False,,False,,170.55392456054688,85.27696228027344,yolo11n_640/conv_feature_splitter6_1,0,0,1,0.30891833333333335,0,64,0.9076759815216064,0.1117139682173729,0.346437636793819,21,1536,yolo11n_640_context_1,False,0.0006698083333333333,8256.0,6553600.0,1024,8,-0.27895504236221313,9.882978439331055,-0.10689648240804672,0.10942047834396362,-1.2017217874526978,1.0350595712661743,8,8,16,0.9076759815216064,0.8333333333333334,1.0,0.3816754478983339,1.0,0.28869803066151584,False,False,False,0
conv_feature_splitter6_2,conv,20,20,66,128,1,1,1,1,format_conversion1,matmul1,8514.0,3405600.0,,7767.29,77247,52800.0,1,1,1,72,9,4,1,1,1,1,False,,False,,170.55392456054688,95.93657684326172,yolo11n_640/conv_feature_splitter6_2,0,0,1,0.30962666666666666,0,66,0.9087731838226318,0.11184900254011154,0.38974234884019365,40,1728,yolo11n_640_context_1,False,0.0006705166666666667,8514.0,6758400.0,1152,8,-0.27895504236221313,9.882978439331055,-0.6160195469856262,1.0745866298675537,-8.833816528320312,8.764801979064941,8,8,16,0.9087731838226318,0.8333333333333334,0.9166666666666666,0.42886647161043534,1.0,0.29771984980848126,False,False,False,0
conv_feature_splitter6_3,conv,20,20,128,128,1,1,1,1,format_conversion1,activation1 format_conversion2,16512.0,6604800.0,,8261.39,72627,51200.0,2,1,1,64,8,2,1,1,1,1,False,,False,,170.55392456054688,170.55392456054688,yolo11n_640/conv_feature_splitter6_3,0,0,1,0.3092416666666667,0,64,0.8591846227645874,0.21149159967899323,0.3464376417675187,20,3072,yolo11n_640_context_1,False,0.0006701316666666667,16512.0,13107200.0,2048,8,-0.27895504236221313,9.882978439331055,-0.7839305400848389,1.1481651067733765,-11.935550689697266,11.47649097442627,8,8,16,0.8591846227645874,0.8333333333333334,1.0,0.40321676225162256,1.0,0.2886980348062656,False,False,False,0
activation1,activation,20,20,128,128,,,,,conv_feature_splitter6_3,matmul2,0,0,,22383.88,26805,,1,1,1,128,1,1,1,,,,False,,False,,170.55392456054688,170.55392456054688,yolo11n_640/activation1,0,0,1,0.3054233333333334,0,128,0.3223279118537903,0.5730274319648743,0.047968285840143725,10,3072,yolo11n_640_context_1,False,0.00067238,0,0,0,8,-11.935550689697266,11.47649097442627,N/A,N/A,-11.899290084838867,11.806326866149902,8,8,8,0.3223279118537903,0.8333333333333334,1.0,0.14881828124739754,0.0,0.039973571533453114,False,False,False,0
matmul1,matmul,20|20,20|20,800,64|66,,,,,conv_feature_splitter6_1 conv_feature_splitter6_2,reduce_max_softmax1 ew_sub_softmax1,0,10240000.0,,4097.05,146447,,2,1,1,480,3,2,1,2,,,False,,False,,85.27696228027344,1279.154296875,yolo11n_640/matmul1,0,0,1,0.5470966666666667,0,400,0.8849617838859558,0.7866327166557312,0.7195243054022428,2,19200,yolo11n_640_context_1,False,0.0009144383333333333,0,20480000.0,768,8,-1.2017217874526978,1.0350595712661743,N/A,N/A,-10.223724365234375,26.49528694152832,8,8,16,0.8849617838859558,0.8333333333333334,0.8333333333333334,0.813056923478367,1.0,0.49966965652933526,False,False,False,0
reduce_max_softmax1,reduce_max,20,20,2,800,,,,,matmul1,ew_sub_softmax1,0,0,,6193.04,96883,,1,1,1,2,0,1,1,2,,,False,,False,,1065.9620361328125,0.0,yolo11n_640/reduce_max_softmax1,0,0,1,0.23976166666666668,0,2,0.4954429566860199,0.9937760233879089,0.26649048669275127,255,48,yolo11n_640_context_1,False,0.0009225233333333333,0,0,0,8,-10.223724365234375,26.49528694152832,N/A,N/A,-10.223724365234375,26.49528694152832,8,8,8,0.4954429566860199,0.8333333333333334,1.0,0.5378832882705322,0.0,0.22207540557729272,False,False,False,0
ew_sub_softmax1,ew_sub,20,20,800,800,,,,,matmul1 reduce_max_softmax1,reduce_sum_softmax1 ew_mult_softmax1,0,160000.0,,3119.10,192363,,1,1,1,800,0,3,0.0,,,,False,,False,,710.75048828125,0.0,yolo11n_640/ew_sub_softmax1,1,0,1,0.397535,0,800,0.49905645847320557,0.49905645847320557,0.3553752263528552,3,19200,yolo11n_640_context_2,False,0.0004135366666666667,0,320000.0,0,8,N/A,N/A,N/A,N/A,0.0,1.0,8,8,16,0.49905645847320557,0.8333333333333334,1.0,0.712094233666621,1.0,0.29614602196071266,False,False,False,0
reduce_sum_softmax1,reduce_sum,20,20,2,800,,,,,ew_sub_softmax1,ew_mult_softmax1,0,160000.0,,12339.84,48623,,1,1,1,2,0,1,1,2,,,False,,False,,710.75048828125,1.7768760919570923,yolo11n_640/reduce_sum_softmax1,0,0,1,0.38555666666666666,0,2,0.989655077457428,0.004935935605317354,0.17813183248208325,255,48,yolo11n_640_context_2,False,0.00041760166666666667,0,320000.0,0,8,0.0,1.0,N/A,N/A,0.0,0.8470982909202576,8,8,8,0.989655077457428,0.8333333333333334,1.0,0.17999385496988565,1.0,0.14844319373506937,False,False,False,0
ew_mult_softmax1,ew_mult,20,20,800,2,,,,,reduce_sum_softmax1 ew_sub_softmax1,matmul2,0,160000.0,,3119.43,192343,,1,1,1,800,0,2,1,,,,False,,False,,1.7768760919570923,0.0,yolo11n_640/ew_mult_softmax1,0,0,1,0.397535,0,800,0.49910837411880493,0.9982167482376099,0.3553752429438888,2,19200,yolo11n_640_context_2,False,0.000433645,0,320000.0,0,8,0.0,0.8470982909202576,N/A,N/A,0.0,0.8470982909202576,8,8,16,0.49910837411880493,0.8333333333333334,1.0,0.7120201971592192,1.0,0.29614603578657406,False,False,False,0
matmul2,matmul,20|20,20|64,128,800|40,,,,,ew_mult_softmax1 activation1,format_conversion3,0,20480000.0,,3045.58,197007,,2,1,1,64,4,1,1,2,,,False,,False,,710.75048828125,113.7200698852539,yolo11n_640/matmul2,0,0,1,0.44793333333333335,0,64,0.9770210981369019,0.07796677201986313,0.7125273305051015,12,3072,yolo11n_640_context_2,False,0.00045006833333333335,0,40960000.0,1024,8,N/A,N/A,N/A,N/A,-8.314763069152832,8.923160552978516,8,8,16,0.9770210981369019,0.8333333333333334,1.0,0.7292855106853189,1.0,0.5937727754209179,False,False,False,0
dw1,dw,20,20,128,128,3,3,1,1,format_conversion2 format_conversion3,conv36,1280.0,102400,,2883.59,208074,7200,3.0,3.0,3.0,1152,1,4.0,,1,1,1,False,,True,combined (SUPER_DW),1274.8020858764648,7338.569417953491,,0.0,0.0,3.0,0.4337333333333333,0,1152,0.27548791964848834,0.041583081086476646,0.12556592056089844,23.0,33536,yolo11n_640_context_2,False,0.0004603433333333333,256,102400,0,8,-11.935550689697266,11.47649097442627,-2.7727808952331543,2.48496675491333,-4.574353218078613,4.066091537475586,8,8,16,0.8264637589454651,0.8333333333333334,1.0,0.4557946523430704,0.3333333333333333,0.31391480140224615,False,False,False,0.0
conv36,conv,20|20,20|20,128,128|128,1,1,1,1,dw1 conv_feature_splitter5_2,conv37 conv38,16512.0,6604800.0,,6870.88,87325,51200.0,2,1,1,64,8,1,1,1,1,1,False,,True,,113.7200698852539,113.7200698852539,yolo11n_640/conv36,0,0,1,0.3912966666666667,0,64,0.8025193214416504,0.17589464783668518,0.25942392099154177,32,1024,yolo11n_640_context_2,False,0.00047014833333333336,16512.0,13107200.0,0,8,N/A,N/A,-1.5129011869430542,1.4297302961349487,-5.313379287719727,9.910347938537598,8,8,16,0.8025193214416504,0.8333333333333334,1.0,0.3232619004431085,1.0,0.21618660082628482,False,False,True,0
conv37,conv,20,20,256,128,1,1,1,1,conv36,conv38,33024.0,13209600.0,,4966.68,120805,68267.0,3,1,1,88,1,1,1,1,1,1,False,,False,,113.7200698852539,234.5476531982422,yolo11n_640/conv37,0,0,1,0.3978983333333333,0,86,0.7102354764938354,0.26224079728126526,0.3176166046777664,15,2112,yolo11n_640_context_2,False,0.00047919166666666665,33024.0,26214400.0,0,8,-5.313379287719727,9.910347938537598,-0.46766749024391174,0.5454019904136658,-0.2805900573730469,5.223291397094727,8,8,16,0.7102354764938354,0.8333333333333334,0.9696969696969697,0.4471990138337214,1.0,0.25665988256789213,False,True,True,0
conv38,conv,20|20,20|20,128,256|128,1,1,1,1,conv37 conv36,concat8,32896.0,13158400.0,,4691.64,127887,68267.0,3,1,1,48,6,1,1,1,1,1,False,,True,,227.4401397705078,127.93508911132812,yolo11n_640/conv38,0,0,1,0.39846333333333334,0,43,0.9064251780509949,0.13511928915977478,0.429115584852899,9,3456,yolo11n_640_context_2,False,0.00048312666666666665,32896.0,26214400.0,2304,8,-0.2805900573730469,5.223291397094727,-2.409297466278076,2.2273178100585938,-6.9186201095581055,29.836549758911133,8,8,16,0.9064251780509949,0.8333333333333334,0.8888888888888888,0.47341534110469874,1.0,0.3178633961873326,False,True,False,0
concat8,concat,20|20,20|20,256,128|128,,,,,conv_feature_splitter5_1 conv38,conv39,0,0,,19077.29,31451,,1,1,1,256,0,1,1,,,,False,,False,,113.7200698852539,0.0,yolo11n_640/concat8,0,0,1,0.386345,0,256,0.48837873339653015,0.9767574667930603,0.0568600359967508,16,2048,yolo11n_640_context_2,False,0.00048798,0,0,0,8,N/A,N/A,N/A,N/A,-6.9186201095581055,29.836549758911133,8,8,8,0.48837873339653015,0.8333333333333334,1.0,0.11642610971470033,0.0,0.04738336333062567,False,False,True,0
conv39,conv,20,20,256,256,1,1,1,1,concat8,resize1 concat15,65792.0,26316800.0,,4704.15,127547,81920.0,5,1,1,56,7,1,1,1,1,1,False,,False,,227.4401397705078,248.76266479492188,yolo11n_640/conv39,0,0,1,0.392135,0,52,0.8495692014694214,0.2634322941303253,0.4011298079856528,4,6720,yolo11n_640_context_2,False,0.0004946583333333333,65792.0,52428800.0,4480,8,-6.9186201095581055,29.836549758911133,-0.4472060799598694,0.48175886273384094,-0.34329912066459656,9.383509635925293,8,8,16,0.8495692014694214,0.8333333333333334,0.9142857142857143,0.47215672047886814,1.0,0.3056227108462117,False,True,False,0
resize1,resize,20,20,256,256,,,,,conv39,concat9,0,0,,3248.11,184723,,1,1,1,256,0,1,1,,,,False,,False,,227.4401397705078,0.0,yolo11n_640/resize1,0,0,1,0.41252833333333333,0,256,0.2771717607975006,0.5543435215950012,0.18953345587533996,3,10240,yolo11n_640_context_2,False,0.000525695,0,0,0,8,-0.34329912066459656,9.383509635925293,N/A,N/A,-0.34329912066459656,9.383509635925293,8,8,8,0.2771717607975006,0.8333333333333334,1.0,0.6838122878391335,0.0,0.15794454656278328,False,False,False,0
concat9,concat,40|40,40|40,384,256|128,,,,,resize1 conv21,conv_feature_splitter7_1 conv_feature_splitter7_2,0,0,,3835.07,156451,,1,1,1,384,0,1,1,,,,False,,False,,909.7605590820312,0.0,yolo11n_640/concat9,0,0,1,0.42949333333333334,0,384,0.4908885061740875,0.981777012348175,0.28430017983261147,10,3072,yolo11n_640_context_2,False,0.0005503716666666667,0,0,0,8,N/A,N/A,N/A,N/A,-0.34329912066459656,9.383509635925293,8,8,8,0.4908885061740875,1.0,1.0,0.5791542809759492,0.0,0.28430017983261147,False,False,True,0
conv_feature_splitter7_1,conv,40,40,64,384,1,1,1,1,concat9,concat10,24640.0,39424000.0,,2428.29,247087,204800.0,3,1,1,24,3,1,1,1,1,1,False,,False,,1364.640869140625,255.87017822265625,yolo11n_640/conv_feature_splitter7_1,0,0,1,0.4304633333333333,0,22,0.937321662902832,0.11655813455581665,0.8573427472788698,11,2880,yolo11n_640_context_2,False,0.0005526616666666666,24640.0,78643200.0,1152,8,-0.34329912066459656,9.383509635925293,-0.7666347026824951,0.7313174605369568,-0.5774908661842346,8.626269340515137,8,8,16,0.937321662902832,1.0,0.8888888888888888,0.9146729252194257,1.0,0.762082442025662,False,True,False,0
conv_feature_splitter7_2,conv,40,40,64,384,1,1,1,1,concat9,conv41 ew_add10 concat10,24640.0,39424000.0,,2369.60,253207,204800.0,3,1,1,24,3,8,1,1,1,1,False,,False,,1364.640869140625,255.87017822265625,yolo11n_640/conv_feature_splitter7_2,0,0,1,0.43165,0,22,0.9146666526794434,0.11374092847108841,0.8573427524737589,8,2880,yolo11n_640_context_2,False,0.0005538483333333333,24640.0,78643200.0,1152,8,-0.34329912066459656,9.383509635925293,-0.8606404066085815,0.6948670148849487,-0.3412756621837616,5.097805023193359,8,8,16,0.9146666526794434,1.0,0.8888888888888888,0.9373280964843764,1.0,0.7620824466433411,False,True,False,0
conv41,conv,40,40,32,64,3,3,1,1,conv_feature_splitter7_2,conv42,18464.0,29542400.0,,2258.26,265691,230400.0,2,1,1,16,2,1,1,1,1,1,False,,False,,227.4401397705078,113.7200698852539,yolo11n_640/conv41,0,0,1,0.44187000000000004,0,16,0.9144080877304077,0.04817626625299454,0.899358470839536,1,256,yolo11n_640_context_2,False,0.0005748716666666667,18464.0,58982400.0,5120,8,-0.3412756621837616,5.097805023193359,-0.7129892110824585,0.6432760953903198,-0.2794651389122009,6.199044704437256,8,8,16,0.9144080877304077,1.0,1.0,0.9835416844045798,1.0,0.899358470839536,False,False,True,0
conv42,conv,40,40,64,32,3,3,1,1,conv41,ew_add10,18496.0,29593600.0,,2866.67,209302,153600.0,3,1,1,24,3,1,1,1,1,1,False,,False,,113.7200698852539,255.87017822265625,yolo11n_640/conv42,0,0,1,0.4405883333333333,0,22,0.8737613558769226,0.13760021328926086,0.6769898211194751,11,2880,yolo11n_640_context_2,False,0.0005865133333333334,18496.0,58982400.0,12672,8,-0.2794651389122009,6.199044704437256,-1.1847060918807983,1.174910068511963,-0.31311842799186707,8.558570861816406,8,8,16,0.8737613558769226,1.0,0.8888888888888888,0.7747994536105753,1.0,0.6017687298839779,False,True,False,0
ew_add10,ew_add,40,40,64,64,,,,,conv_feature_splitter7_2 conv42,concat10,0,51200.0,,15119.82,39683,,1,1,1,64,0,1,0.0,,,,False,,False,,227.4401397705078,0.0,yolo11n_640/ew_add10,1,0,1,0.419485,0,64,0.6451125144958496,0.6451125144958496,0.09476672915127805,12,2560,yolo11n_640_context_2,False,0.0005881816666666667,0,102400.0,0,8,N/A,N/A,N/A,N/A,-0.9105161428451538,13.600834846496582,8,8,16,0.6451125144958496,1.0,1.0,0.14689953616128112,1.0,0.09476672915127805,False,False,False,0
concat10,concat,40|40|40,40|40|40,192,64|64|64,,,,,conv_feature_splitter7_1 conv_feature_splitter7_2 ew_add10,conv43,0,0,,7585.81,79095,,1,1,1,192,0,1,1,,,,False,,False,,227.4401397705078,0.0,yolo11n_640/concat10,0,0,1,0.43196,0,192,0.48549214005470276,0.9709842801094055,0.142150097238167,21,1536,yolo11n_640_context_2,False,0.000602325,0,0,0,8,N/A,N/A,N/A,N/A,-0.9105161428451538,13.600834846496582,8,8,8,0.48549214005470276,1.0,1.0,0.2927958776472679,0.0,0.142150097238167,False,False,True,0
conv43,conv,40,40,128,192,1,1,1,1,concat10,resize2 concat13,24704.0,39526400.0,,2285.83,262487,204800.0,3,1,1,48,6,4,1,1,1,1,False,,False,,682.3204345703125,511.7403564453125,yolo11n_640/conv43,0,0,1,0.43745333333333336,0,43,0.8869010806083679,0.21943943202495575,0.8617849607630523,4,5760,yolo11n_640_context_2,False,0.0006084933333333334,24704.0,78643200.0,2304,8,-0.9105161428451538,13.600834846496582,-1.5503675937652588,0.9626831412315369,-0.2890690565109253,5.8536481857299805,8,8,16,0.8869010806083679,1.0,0.8888888888888888,0.9716810359188115,1.0,0.7660310762338242,False,True,False,0
resize2,resize,40,40,128,128,,,,,conv43,concat11,0,0,,2425.55,247367,,3.0,3.0,3.0,128,0,5.0,,,,,False,,False,combined (SPATIAL_W),2001.4733276367188,0.0,,0.0,0.0,3.0,0.43682333333333334,0,128,0.3323036630948385,0.664607326189677,0.25271128126847464,7.0,30720,yolo11n_640_context_2,False,0.0006231133333333334,0,0,0,8,-0.2890690565109253,5.8536481857299805,N/A,N/A,-0.2890690565109253,5.8536481857299805,8,8,8,0,0,0,0,0.0,0,False,False,False,0.0
concat11,concat,80|80,80|80,256,128|128,,,,,resize2 conv11,conv_feature_splitter8_1 conv_feature_splitter8_2,0,0,,2802.55,214091,,2,2,1,128,0,6,1,,,,False,,False,,1819.5211181640625,0.0,yolo11n_640/concat11,0,0,1,0.43633,0,128,0.9566025733947754,0.9566025733947754,0.7581338414976877,6,2048,yolo11n_640_context_2,False,0.0006277883333333334,0,0,0,8,N/A,N/A,N/A,N/A,-0.33850350975990295,6.854696273803711,8,8,8,0.9566025733947754,1.0,1.0,0.7925274953079363,0.0,0.7581338414976877,False,False,True,0
conv_feature_splitter8_1,conv,80,80,32,256,1,1,1,1,concat11,concat12,8224.0,52633600.0,,2594.18,231287,204800.0,4,1,1,8,1,2,1,1,1,1,False,,False,,3639.042236328125,454.8802795410156,yolo11n_640/conv_feature_splitter8_1,0,0,1,0.4364883333333333,0,8,0.8923977613449097,0.22136998176574707,0.7640567601927175,2,2560,yolo11n_640_context_2,False,0.00062841,8224.0,104857600.0,512,8,-0.33850350975990295,6.854696273803711,-1.1268044710159302,0.8092553615570068,-0.443610817193985,4.698241710662842,8,8,16,0.8923977613449097,1.0,1.0,0.8561840843720039,1.0,0.7640567601927175,False,True,False,0
conv_feature_splitter8_2,conv,80,80,32,256,1,1,1,1,concat11,conv45 ew_add11 concat12,8224.0,52633600.0,,2482.51,241691,204800.0,4,1,1,8,1,13,1,1,1,1,False,,False,,3639.042236328125,454.8802795410156,yolo11n_640/conv_feature_splitter8_2,0,0,1,0.43670166666666665,0,8,0.8539829850196838,0.21184073388576508,0.7640567624294059,13,2560,yolo11n_640_context_2,False,0.0006286233333333333,8224.0,104857600.0,512,8,-0.33850350975990295,6.854696273803711,-0.9911009669303894,0.5082798600196838,-0.29157039523124695,3.0879955291748047,8,8,16,0.8539829850196838,1.0,1.0,0.8946978755224202,1.0,0.7640567624294059,False,True,False,0
conv45,conv,80,80,16,32,3,3,1,1,conv_feature_splitter8_2,conv46,4624.0,29593600.0,,3211.03,186856,115200.0,4,1,2,4,1,1,1,1,1,1,True,,False,,454.8802795410156,227.4401397705078,yolo11n_640/conv45,0,0,1,0.4386983333333333,0,4,0.6384595632553101,0.13700389862060547,0.44162776721305935,255,128,yolo11n_640_context_2,False,0.0006356666666666666,4624.0,58982400.0,5120,8,-0.29157039523124695,3.0879955291748047,-1.2980613708496094,0.9554632902145386,-0.29350942373275757,5.052554607391357,8,8,16,0.6384595632553101,1.0,1.0,0.6917082813535355,1.0,0.44162776721305935,False,False,True,0
conv46,conv,80,80,32,16,3,3,1,1,conv45,ew_add11,4640.0,29696000.0,,3626.93,165429,115200.0,4,1,2,8,2,1,1,1,1,1,True,,False,,227.4401397705078,454.8802795410156,yolo11n_640/conv46,0,0,1,0.43759333333333333,0,8,0.7260516881942749,0.3094983398914337,0.4446262626974117,12,2560,yolo11n_640_context_2,False,0.000640485,4640.0,58982400.0,11264,8,-0.29350942373275757,5.052554607391357,-1.337020754814148,1.4409277439117432,-0.28218498826026917,6.259376525878906,8,8,16,0.7260516881942749,1.0,1.0,0.6123892691486171,1.0,0.4446262626974117,False,True,False,0
ew_add11,ew_add,80,80,32,32,,,,,conv_feature_splitter8_2 conv46,concat12,0,102400.0,,7621.66,78723,,1,1,1,32,0,1,0.0,,,,False,,False,,454.8802795410156,0.0,yolo11n_640/ew_add11,1,0,1,0.42889166666666667,0,32,0.6503817439079285,0.6503817439079285,0.18953346644726138,12,2560,yolo11n_640_context_2,False,0.00064214,0,204800.0,0,8,-0.29157039523124695,3.0879955291748047,N/A,N/A,-0.7116551399230957,7.537075042724609,8,8,16,0.6503817439079285,1.0,1.0,0.29141879860959435,1.0,0.18953346644726138,False,False,False,0
concat12,concat,80|80|80,80|80|80,96,32|32|32,,,,,conv_feature_splitter8_1 conv_feature_splitter8_2 ew_add11,conv47,0,0,,3699.71,162175,,1,1,1,96,0,1,1,,,,False,,False,,454.8802795410156,0.0,yolo11n_640/concat12,0,0,1,0.4363433333333333,0,96,0.4735625088214874,0.9471250176429749,0.28430018793473205,42,768,yolo11n_640_context_2,False,0.0006512466666666667,0,0,0,8,N/A,N/A,N/A,N/A,-0.7116551399230957,7.537075042724609,8,8,8,0.4735625088214874,1.0,1.0,0.6003435293943443,0.0,0.28430018793473205,False,False,True,0
conv47,conv,80,80,64,96,1,1,1,1,concat12,conv48 conv49 dw2,6208.0,39731200.0,,2428.69,247047,153600.0,4,1,2,16,4,8,1,1,1,1,True,,False,,1364.640869140625,909.7605590820312,yolo11n_640/conv47,0,0,1,0.4389633333333333,0,16,0.6346970200538635,0.4144960343837738,0.5804461984594737,8,5120,yolo11n_640_context_2,False,0.0006542216666666667,6208.0,78643200.0,2048,8,-0.7116551399230957,7.537075042724609,-1.4224655628204346,1.2019126415252686,-0.28547027707099915,6.332249641418457,8,8,16,0.6346970200538635,1.0,1.0,0.9145248522046221,1.0,0.5804461984594737,False,True,False,0
conv48,conv,80,80,64,64,3,3,2,2,conv47,concat13,36928.0,59084800.0,,2621.29,228895,115200.0,8,1,1,8,1,1,1,1,1,1,False,,False,,909.7605590820312,227.4401397705078,yolo11n_640/conv48,0,0,1,0.43848333333333334,0,8,0.5152362585067749,0.11184167116880417,0.4365747875741132,12,2560,yolo11n_640_context_2,False,0.0006592333333333333,36928.0,117964800.0,6144,8,-0.28547027707099915,6.332249641418457,-0.6790147423744202,0.5366657376289368,-0.2854325473308563,5.7800092697143555,8,8,16,0.5152362585067749,1.0,1.0,0.8473293180867485,1.0,0.4365747875741132,False,False,False,0
concat13,concat,40|40,40|40,192,64|128,,,,,conv48 conv43,conv_feature_splitter9_1 conv_feature_splitter9_2,0,0,,7743.23,77487,,1,1,1,192,0,1,1,,,,False,,False,,227.4401397705078,0.0,yolo11n_640/concat13,0,0,1,0.4315616666666667,0,192,0.4955669939517975,0.991133987903595,0.1421500929541045,4,7680,yolo11n_640_context_2,False,0.0006624733333333334,0,0,0,8,-0.2854325473308563,5.7800092697143555,N/A,N/A,-0.2890690565109253,5.8536481857299805,8,8,8,0.4955669939517975,1.0,1.0,0.28684334245216314,0.0,0.1421500929541045,False,False,False,0
conv49,conv,80,80,64,64,3,3,1,1,conv47,conv50,36928.0,236339200,,2221.1,270137,230400,17.0,3.0,3.0,64,1,5.0,,1,1,1,False,,False,combined (SPATIAL_W),2274.401397705078,1819.5211181640625,,0.0,0.0,3.0,0.44560500000000003,0,64,0.8513646493939793,0.40056630969047546,0.8381977688709906,10.0,10240,yolo11n_640_context_2,False,0.0006689633333333333,73856,471859200,22528,8,-0.28547027707099915,6.332249641418457,-1.1655155420303345,0.780356764793396,-0.3012557625770569,9.301271438598633,8,8,16,0.8788694248577767,1.0,1.0,0.9998519050579118,0.9411764705882353,0.8787392880124194,False,False,False,0.0
conv50,conv,80,80,64,64,3,3,1,1,conv49,conv51,36928.0,236339200,,2221.1,270137,230400,18.0,4.0,4.0,64,1,7.0,,1,1,1,False,,False,combined (),3184.1619567871094,1819.5211181640625,,0.0,0.0,4.0,0.445955,0,64,0.8315218455261654,0.5475218221545219,0.8021608626833799,22.0,15360,yolo11n_640_context_2,False,0.0006847666666666667,73856,471859200,22528,8,-0.3012557625770569,9.301271438598633,-5.351688861846924,6.401308059692383,-0.525905430316925,66.52703857421875,8,8,16,0.8788694248577767,1.0,1.0,0.9998519050579118,0.8888888888888888,0.8787392880124194,False,False,False,0.0
conv51,conv,80,80,64,64,1,1,1,1,conv50,output_layer1,4160.0,26624000.0,,2297.73,261127,204800.0,2,1,1,32,4,2,1,1,1,1,False,,False,,905.1100463867188,905.1100463867188,yolo11n_640/conv51,0,0,1,0.43518666666666667,0,32,0.8088018298149109,0.39214634895324707,0.7778289123067055,2,5120,yolo11n_640_context_3,False,0.000439455,4160.0,52428800.0,1024,8,-0.525905430316925,66.52703857421875,-0.2880859375,0.29833984375,-12.16063404083252,27.0920467376709,8,8,16,0.8088018298149109,1.0,1.0,0.9617051836847434,1.0,0.7778289123067055,False,False,False,0
conv_feature_splitter9_1,conv,40,40,64,192,1,1,1,1,concat13,concat14,12352.0,19763200.0,,2606.80,230167,153600.0,2,1,2,32,8,1,1,1,1,1,True,,False,,682.3204345703125,227.4401397705078,yolo11n_640/conv_feature_splitter9_1,0,0,1,0.4379266666666667,0,32,0.8091515898704529,0.13346831500530243,0.689427934661718,12,2560,yolo11n_640_context_2,False,0.0006720783333333334,12352.0,39321600.0,2048,8,-0.2890690565109253,5.8536481857299805,-1.463573694229126,1.087023138999939,-0.38931018114089966,7.883531093597412,8,8,16,0.8091515898704529,0.8333333333333334,1.0,0.852038039957503,1.0,0.5745232788847651,False,False,False,0
conv_feature_splitter9_2,conv,40,40,64,192,1,1,1,1,concat13,conv56 ew_add12 concat14,12352.0,19763200.0,,2606.80,230167,153600.0,2,1,2,32,8,3,1,1,1,1,True,,False,,678.83251953125,226.2775115966797,yolo11n_640/conv_feature_splitter9_2,0,0,1,0.40384333333333333,0,32,0.8091515898704529,0.13346831500530243,0.68590366995935,36,2560,yolo11n_640_context_3,False,0.000410245,12352.0,39321600.0,2048,8,-0.2890690565109253,5.8536481857299805,-0.7733154892921448,0.6497535705566406,-0.31419968605041504,6.36254358291626,8,8,16,0.8091515898704529,0.8333333333333334,1.0,0.8476825338366633,1.0,0.5715863916327918,False,False,False,0
conv56,conv,40,40,32,64,3,3,1,1,conv_feature_splitter9_2,conv57,18464.0,29542400.0,,2325.43,258017,230400.0,2,1,1,16,2,1,1,1,1,1,False,,False,,226.2775115966797,113.13875579833984,yolo11n_640/conv56,0,0,1,0.42746666666666666,0,16,0.9416046142578125,0.04960913583636284,0.8947610634636147,1,1280,yolo11n_640_context_3,False,0.0004434733333333333,18464.0,58982400.0,5632,8,-0.31419968605041504,6.36254358291626,-1.8515560626983643,1.3127678632736206,-0.2813393473625183,7.689942359924316,8,8,16,0.9416046142578125,1.0,1.0,0.9502513580701593,1.0,0.8947610634636147,False,False,False,0
conv57,conv,40,40,64,32,3,3,1,1,conv56,ew_add12,18496.0,29593600.0,,2210.95,271377,230400.0,2,1,1,32,2,2,1,1,1,1,False,,False,,113.13875579833984,226.2775115966797,yolo11n_640/conv57,0,0,1,0.4419633333333333,0,32,0.8990445137023926,0.094333715736866,0.8985544719455454,2,2560,yolo11n_640_context_3,False,0.00047823166666666666,18496.0,58982400.0,10752,8,-0.2813393473625183,7.689942359924316,-1.545487642288208,1.7530138492584229,-0.32575345039367676,11.540979385375977,8,8,16,0.8990445137023926,1.0,1.0,0.9994549304852224,1.0,0.8985544719455454,False,False,False,0
dw2,dw,80,80,64,64,3,3,1,1,conv47,conv52,640.0,4096000,,2221.54,270083,14400,6.0,4.0,6.0,64,1,7.0,,1,1,1,False,,False,combined (INPUT_FEATURES),2274.401397705078,909.7605590820312,,0.0,0.0,4.0,0.44749333333333335,0,64,0.4747838228940964,0.5721690058708191,0.37877076607364657,92.0,8192,yolo11n_640_context_2,False,0.000673575,640,7372800,20480,8,-0.28547027707099915,6.332249641418457,-15.592567443847656,4.696556568145752,-0.2939828634262085,10.415392875671387,8,8,16,0.473484069108963,1.0,1.0,0.9998001014300151,0.6666666666666666,0.47338942032063747,False,False,False,0.0
conv52,conv,80,80,80,64,1,1,1,1,dw2,dw3,5200.0,33280000.0,,3435.50,174647,102400.0,5,1,1,16,2,1,1,1,1,1,False,,False,,909.7605590820312,1137.2008056640625,yolo11n_640/conv52,0,0,1,0.4404383333333333,0,16,0.604648232460022,0.7329069375991821,0.3909127585426856,5,6400,yolo11n_640_context_2,False,0.00067432,5200.0,65536000.0,1280,8,-0.2939828634262085,10.415392875671387,-2.7810192108154297,1.3329355716705322,-0.2877725660800934,11.942562103271484,8,8,16,0.604648232460022,1.0,1.0,0.6465126954101067,1.0,0.3909127585426856,False,True,False,0
dw3,dw,80,80,80,80,3,3,1,1,conv52,conv53,800.0,5120000,,2215.11,270867,14400,7.0,4.0,7.0,80,1,7.0,,1,1,1,False,,False,combined (SPATIAL_W),3846.717742919922,3394.1627197265625,,0.0,0.0,4.0,0.4487466666666667,0,80,0.4592844886439187,0.3320574350655079,0.437360402692245,11.0,12800,yolo11n_640_context_3,False,0.00045760166666666667,2400,9216000,76800,8,-0.2877725660800934,11.942562103271484,-6.36712121963501,2.639876365661621,-0.29041698575019836,12.052305221557617,8,8,16,0.4724973761976834,0.8333333337262024,1.0,0.9967654236033732,0.8571428571428571,0.39247459526677836,False,False,False,0.0
conv53,conv,80,80,80,80,1,1,1,1,dw3,conv54,6480.0,41472000.0,,2209.74,271525,128000.0,5,1,1,16,2,2,1,1,1,1,False,,False,,1131.3875732421875,1131.3875732421875,yolo11n_640/conv53,0,0,1,0.4525166666666667,0,16,0.48319676518440247,0.47141146659851074,0.48319676518440247,2,640,yolo11n_640_context_3,False,0.0004722766666666667,6480.0,81920000.0,0,8,-0.29041698575019836,12.052305221557617,-7.678460121154785,6.8636369705200195,-0.3157478868961334,80.19996643066406,8,8,16,0.48319676518440247,1.0,1.0,1.0,1.0,0.48319676518440247,False,False,True,0
conv54,conv,80,80,80,80,1,1,1,1,conv53,output_layer2,6480.0,41472000.0,,2294.22,261527,160000.0,4,1,1,24,3,2,1,1,1,1,False,,False,,1131.3875732421875,1357.6650390625,yolo11n_640/conv54,0,0,1,0.452805,0,20,0.7525035738945007,0.5873198509216309,0.724795146560748,2,7680,yolo11n_640_context_3,False,0.0004731483333333333,6480.0,81920000.0,1536,8,-0.3157478868961334,80.19996643066406,-0.2509765625,0.193115234375,-32.01327896118164,2.143148422241211,8,8,16,0.7525035738945007,1.0,0.8333333333333334,0.963178344535494,1.0,0.60399595546729,False,True,False,0
ew_add12,ew_add,40,40,64,64,,,,,conv_feature_splitter9_2 conv57,concat14,0,51200.0,,15119.82,39683,,1,1,1,64,0,1,0.0,,,,False,,False,,226.2775115966797,0.0,yolo11n_640/ew_add12,1,0,1,0.4224533333333333,0,64,0.6451125144958496,0.6451125144958496,0.09428229412665057,12,2560,yolo11n_640_context_3,False,0.0004799,0,102400.0,0,8,-0.31419968605041504,6.36254358291626,N/A,N/A,-0.6545969247817993,13.25558853149414,8,8,16,0.6451125144958496,1.0,1.0,0.14614860510081942,1.0,0.09428229412665057,False,False,False,0
concat14,concat,40|40|40,40|40|40,192,64|64|64,,,,,conv_feature_splitter9_1 conv_feature_splitter9_2 ew_add12,conv58,0,0,,7585.81,79095,,1,1,1,192,0,1,1,,,,False,,False,,226.2775115966797,0.0,yolo11n_640/concat14,0,0,1,0.43196,0,192,0.48549214005470276,0.9709842801094055,0.14142344468327672,21,1536,yolo11n_640_context_3,False,0.000491075,0,0,0,8,N/A,N/A,N/A,N/A,-0.6545969247817993,13.25558853149414,8,8,8,0.48549214005470276,1.0,1.0,0.2912991437252555,0.0,0.14142344468327672,False,False,True,0
conv58,conv,40,40,128,192,1,1,1,1,concat14,conv59 conv60 dw4,24704.0,39526400.0,,2285.83,262487,204800.0,3,1,1,48,6,4,1,1,1,1,False,,False,,678.83251953125,509.1243896484375,yolo11n_640/conv58,0,0,1,0.43745333333333336,0,43,0.8869010806083679,0.21943943202495575,0.8573796296681655,4,5760,yolo11n_640_context_3,False,0.0004972433333333333,24704.0,78643200.0,2304,8,-0.6545969247817993,13.25558853149414,-1.6346540451049805,1.0744729042053223,-0.2869882881641388,8.860763549804688,8,8,16,0.8869010806083679,1.0,0.8888888888888888,0.9667139305772948,1.0,0.7621152263717026,False,True,False,0
conv59,conv,40,40,128,128,3,3,2,2,conv58,concat15,147584.0,59033600.0,,2519.51,238142,153600.0,6,1,1,24,3,1,0.5231481450839698,1,1,1,False,,False,,452.5550231933594,127.28109741210938,yolo11n_640/conv59,6,0,1,0.43903333333333333,0,22,0.9018694758415222,0.07256174832582474,0.7909879411319466,9,3456,yolo11n_640_context_3,False,0.000509775,86784,117964800.0,9216,8,-0.2869882881641388,8.860763549804688,-0.6261998414993286,0.4631634056568146,-0.28310978412628174,7.738333702087402,8,8,16,0.9018694758415222,1.0,0.8888888888888888,0.8770536782984992,1.0,0.7031003921172858,False,False,False,0
concat15,concat,20|20,20|20,384,128|256,,,,,conv59 conv39,conv_feature_splitter10_1 conv_feature_splitter10_2,0,0,,12768.40,46991,,1,1,1,384,0,2,1,,,,False,,False,,113.13875579833984,0.0,yolo11n_640/concat15,0,0,1,0.42123,0,384,0.49030664563179016,0.9806132912635803,0.08485406347438891,20,3072,yolo11n_640_context_3,False,0.0005154366666666666,0,0,0,8,N/A,N/A,N/A,N/A,-0.34329912066459656,9.383509635925293,8,8,8,0.49030664563179016,0.8333333333333334,1.0,0.17306325384402907,0.0,0.07071171956199075,False,False,True,0
conv60,conv,40,40,64,128,3,3,1,1,conv58,conv61,73792.0,118067200.0,,2316.45,259017,230400.0,8,1,1,8,1,3,1,1,1,1,False,,False,,452.5550231933594,226.2775115966797,yolo11n_640/conv60,0,0,1,0.44704166666666667,0,8,0.9363864064216614,0.09883521497249603,0.893251073868408,3,2560,yolo11n_640_context_3,False,0.0005177833333333333,73792.0,235929600.0,11264,8,-0.2869882881641388,8.860763549804688,-2.5069549083709717,1.7502657175064087,-0.28131037950515747,11.674381256103516,8,8,16,0.9363864064216614,1.0,1.0,0.9539342601970353,1.0,0.893251073868408,False,False,False,0
conv61,conv,40,40,64,64,3,3,1,1,conv60,conv62,36928.0,59084800.0,,3267.62,183620,115200.0,8,1,2,8,2,1,1,1,1,1,True,,False,,226.2775115966797,226.2775115966797,yolo11n_640/conv61,0,0,1,0.4404016666666667,0,8,0.7938677668571472,0.16730204224586487,0.5368566406419644,64,512,yolo11n_640_context_3,False,0.0005323983333333334,36928.0,117964800.0,12288,8,-0.28131037950515747,11.674381256103516,-3.127794027328491,4.485465049743652,-0.38345348834991455,48.506866455078125,8,8,16,0.7938677668571472,0.8333333333333334,1.0,0.6762544885369671,1.0,0.4473805338683037,False,False,True,0
conv62,conv,40,40,64,64,1,1,1,1,conv61,output_layer3,4160.0,6656000.0,,4836.88,124047,102400.0,1,1,1,64,8,1,1,1,1,1,False,,False,,226.2775115966797,226.2775115966797,yolo11n_640/conv62,0,0,1,0.42824333333333336,0,64,0.851290225982666,0.206373393535614,0.38891445967211774,12,2560,yolo11n_640_context_3,False,0.000533635,4160.0,13107200.0,1024,8,-0.38345348834991455,48.506866455078125,-0.281005859375,0.32275390625,-8.661855697631836,16.726343154907227,8,8,16,0.851290225982666,1.0,1.0,0.4568529601325845,1.0,0.38891445967211774,False,True,False,0
conv_feature_splitter10_1,conv,20,20,128,384,1,1,1,1,concat15,concat17,49280.0,19712000.0,,5490.23,109285,76800.0,4,1,1,32,4,1,1,1,1,1,False,,False,,339.416259765625,113.13875579833984,yolo11n_640/conv_feature_splitter10_1,0,0,1,0.42468833333333333,0,32,0.8476918339729309,0.1405499428510666,0.34118406067850754,32,1024,yolo11n_640_context_3,False,0.000520215,49280.0,39321600.0,0,8,-0.34329912066459656,9.383509635925293,-0.9543370604515076,0.9000862836837769,-0.30259615182876587,9.342656135559082,8,8,16,0.8476918339729309,0.8333333333333334,1.0,0.4024859589356413,1.0,0.284320050565423,False,True,True,0
conv_feature_splitter10_2,conv,20,20,128,384,1,1,1,1,concat15,conv67 conv68 concat17,49280.0,19712000.0,,5490.23,109285,76800.0,4,1,1,32,4,2,1,1,1,1,False,,False,,339.416259765625,113.13875579833984,yolo11n_640/conv_feature_splitter10_2,0,0,1,0.42468833333333333,0,32,0.8476918339729309,0.1405499428510666,0.34118406067850754,64,1024,yolo11n_640_context_3,False,0.000520215,49280.0,39321600.0,0,8,-0.34329912066459656,9.383509635925293,-1.794913649559021,1.111310601234436,-0.31002935767173767,9.572155952453613,8,8,16,0.8476918339729309,0.8333333333333334,1.0,0.4024859589356413,1.0,0.284320050565423,False,True,True,0
conv67,conv,20,20,64,128,1,1,1,1,conv_feature_splitter10_2,conv69 ew_add13,8256.0,3302400.0,,8717.51,68827,51200.0,1,1,1,64,8,2,1,1,1,1,False,,False,,113.13875579833984,56.56937789916992,yolo11n_640/conv67,0,0,1,0.4237283333333333,0,64,0.9066209197044373,0.1115841194987297,0.22981308550040438,42,1536,yolo11n_640_context_3,False,0.000522305,8256.0,6553600.0,1024,8,-0.31002935767173767,9.572155952453613,-0.48896825313568115,0.255964457988739,-0.2844868004322052,1.9825173616409302,8,8,16,0.9066209197044373,0.8333333333333334,1.0,0.25348310468649293,1.0,0.19151090458367032,False,True,False,0
conv68,conv,20,20,64,128,1,1,1,1,conv_feature_splitter10_2,concat16,8256.0,3302400.0,,8717.51,68827,51200.0,1,1,1,64,8,1,1,1,1,1,False,,False,,113.13875579833984,56.56937789916992,yolo11n_640/conv68,0,0,1,0.4237283333333333,0,64,0.9066209197044373,0.1115841194987297,0.22981308550040438,21,1536,yolo11n_640_context_3,False,0.000522305,8256.0,6553600.0,1024,8,-0.31002935767173767,9.572155952453613,-0.8977181911468506,1.457648515701294,-0.4462954103946686,10.934237480163574,8,8,16,0.9066209197044373,0.8333333333333334,1.0,0.25348310468649293,1.0,0.19151090458367032,False,True,False,0
conv69,conv,20,20,64,64,3,3,1,1,conv67,conv70,36928.0,14771200.0,,6082.91,98637,57600.0,4,1,1,16,2,1,1,1,1,1,False,,False,,56.56937789916992,56.56937789916992,yolo11n_640/conv69,0,0,1,0.42978833333333333,0,16,0.7740502953529358,0.0778612494468689,0.281189573640466,64,512,yolo11n_640_context_3,False,0.000536525,36928.0,29491200.0,6144,8,-0.2844868004322052,1.9825173616409302,-2.405834197998047,2.165210485458374,-0.2827317714691162,7.728002071380615,8,8,16,0.7740502953529358,0.8333333333333334,1.0,0.36327041708866586,1.0,0.23432464470038833,False,False,True,0
conv70,conv,20,20,64,64,3,3,1,1,conv69,ew_add13,36928.0,14771200.0,,6330.05,94786,57600.0,4,1,1,16,2,1,1,1,1,1,False,,False,,56.56937789916992,56.56937789916992,yolo11n_640/conv70,0,0,1,0.41797166666666663,0,16,0.8054987192153931,0.08102462440729141,0.2811895832779679,21,1536,yolo11n_640_context_3,False,0.00054882,36928.0,29491200.0,7168,8,-0.2827317714691162,7.728002071380615,-0.9678284525871277,1.0357463359832764,-0.3018038272857666,8.24930477142334,8,8,16,0.8054987192153931,0.8333333333333334,1.0,0.3490875609980664,1.0,0.23432465273163994,False,True,False,0
dw4,dw,40,40,128,128,3,3,1,1,conv58,conv63,1280.0,2048000,,2737.64,219167,8640,5.0,3.0,5.0,128,1,3.0,,1,1,1,False,,False,combined (SPATIAL_W),1176.6430358886719,905.1100463867188,,0.0,0.0,3.0,0.44248166666666666,0,128,0.4521951973438263,0.3597570757071177,0.25036663697789074,32.0,10240,yolo11n_640_context_3,False,0.0005162583333333333,2560,3686400,49152,8,-0.2869882881641388,8.860763549804688,-2.828141450881958,3.4334888458251953,-0.29003119468688965,14.50156021118164,8,8,16,0.47716514435237267,0.8333333329629978,1.0,0.5780372517803786,0.8,0.24115643461812392,False,False,False,0.0
conv63,conv,40,40,80,128,1,1,1,1,dw4,dw5,10320.0,16512000.0,,2885.63,207927,128000.0,2,1,2,40,5,1,1,1,1,1,True,,False,,452.5550231933594,282.8468933105469,yolo11n_640/conv63,0,0,1,0.43290666666666666,0,40,0.7502633333206177,0.18468019366264343,0.574532746919643,10,3200,yolo11n_640_context_3,False,0.00052649,10320.0,32768000.0,1280,8,-0.29003119468688965,14.50156021118164,-1.8992223739624023,1.3830716609954834,-0.32264161109924316,11.430731773376465,8,8,16,0.7502633333206177,0.8333333333333334,1.0,0.7657747905349415,1.0,0.4787772890997025,False,False,False,0
dw5,dw,40,40,80,80,3,3,1,1,conv63,conv64,800.0,1280000,,2211.84,271267,18000,1,1,1,80,1,4,1,1,1,1,False,,False,,282.8468933105469,282.8468933105469,yolo11n_640/dw5,0,0,1,0.44694,0,80,0.6034644842147827,0.1179649606347084,0.6028910790516212,4,3200,yolo11n_640_context_3,False,0.0005492016666666667,800.0,2304000,12800,8,-0.32264161109924316,11.430731773376465,-8.034917831420898,4.310238361358643,-0.314798504114151,15.739925384521484,8,8,16,0.6034644842147827,1.0,1.0,0.9990498112512659,1.0,0.6028910790516212,False,False,False,0
conv64,conv,40,40,80,80,1,1,1,1,dw5,conv65,6480.0,10368000.0,,2959.09,202765,160000.0,1,1,1,80,5,1,1,1,1,1,False,,False,,282.8468933105469,282.8468933105469,yolo11n_640/conv64,0,0,1,0.43356833333333333,0,80,0.8088181018829346,0.15781816840171814,0.6039959577508267,51,640,yolo11n_640_context_3,False,0.0005576616666666666,6480.0,20480000.0,0,8,-0.314798504114151,15.739925384521484,-12.172572135925293,10.02480411529541,-0.4104701280593872,104.25941467285156,8,8,16,0.8088181018829346,1.0,1.0,0.7467636497560077,1.0,0.6039959577508267,False,False,True,0
conv65,conv,40,40,80,80,1,1,1,1,conv64,output_layer4,6480.0,10368000.0,,3258.62,184127,160000.0,1,1,1,80,5,1,1,1,1,1,False,,False,,282.8468933105469,282.8468933105469,yolo11n_640/conv65,0,0,1,0.43353166666666665,0,80,0.8906895518302917,0.17379309237003326,0.6039959307977392,10,3200,yolo11n_640_context_3,False,0.0005593316666666667,6480.0,20480000.0,640,8,-0.4104701280593872,104.25941467285156,-0.2298583984375,0.221435546875,-49.89558792114258,2.463979721069336,8,8,16,0.8906895518302917,1.0,1.0,0.6781217199152932,1.0,0.6039959307977392,False,True,False,0
ew_add13,ew_add,20,20,64,64,,,,,conv67 conv70,conv71 ew_add14,0,12800.0,,49329.94,12163,,1,1,1,64,0,2,0.0,,,,False,,False,,56.56937789916992,0.0,yolo11n_640/ew_add13,1,0,1,0.38781333333333334,0,64,0.6314231753349304,0.6314231753349304,0.028284688634927755,42,1536,yolo11n_640_context_3,False,0.0005512333333333333,0,25600.0,0,8,-0.2844868004322052,1.9825173616409302,N/A,N/A,-0.8716546893119812,8.792343139648438,8,8,16,0.6314231753349304,0.8333333333333334,1.0,0.044795138569192525,1.0,0.023570573862439798,False,False,False,0
conv71,conv,20,20,64,64,3,3,1,1,ew_add13,conv72,36928.0,14771200.0,,6082.91,98637,57600.0,4,1,1,16,2,1,1,1,1,1,False,,False,,56.56937789916992,56.56937789916992,yolo11n_640/conv71,0,0,1,0.40129166666666666,0,16,0.7740502953529358,0.0778612494468689,0.281189573640466,64,512,yolo11n_640_context_3,False,0.00056574,36928.0,29491200.0,6144,8,-0.8716546893119812,8.792343139648438,-0.9237402677536011,0.838399350643158,-0.2920289933681488,7.982125759124756,8,8,16,0.7740502953529358,0.8333333333333334,1.0,0.36327041708866586,1.0,0.23432464470038833,False,False,True,0
conv72,conv,20,20,64,64,3,3,1,1,conv71,ew_add14,36928.0,14771200.0,,6330.05,94786,57600.0,4,1,1,16,2,1,1,1,1,1,False,,False,,56.56937789916992,56.56937789916992,yolo11n_640/conv72,0,0,1,0.389475,0,16,0.8054987192153931,0.08102462440729141,0.2811895832779679,21,1536,yolo11n_640_context_3,False,0.000578035,36928.0,29491200.0,7168,8,-0.2920289933681488,7.982125759124756,-1.6341817378997803,1.69864022731781,-0.30352866649627686,19.046422958374023,8,8,16,0.8054987192153931,0.8333333333333334,1.0,0.3490875609980664,1.0,0.23432465273163994,False,True,False,0
ew_add14,ew_add,20,20,64,64,,,,,ew_add13 conv72,concat16,0,12800.0,,49329.94,12163,,1,1,1,64,0,1,0.0,,,,False,,False,,56.56937789916992,0.0,yolo11n_640/ew_add14,1,0,1,0.35793166666666665,0,64,0.6314231753349304,0.6314231753349304,0.028284688634927755,21,1536,yolo11n_640_context_3,False,0.0005790633333333334,0,25600.0,0,8,-0.8716546893119812,8.792343139648438,N/A,N/A,-1.0252790451049805,25.119335174560547,8,8,16,0.6314231753349304,0.8333333333333334,1.0,0.044795138569192525,1.0,0.023570573862439798,False,False,False,0
concat16,concat,20|20,20|20,128,64|64,,,,,ew_add14 conv68,conv73,0,0,,37287.92,16091,,1,1,1,128,0,1,1,,,,False,,False,,56.56937789916992,0.0,yolo11n_640/concat16,0,0,1,0.384985,0,128,0.4772854447364807,0.9545708894729614,0.02828468867048968,32,1024,yolo11n_640_context_3,False,0.000607145,0,0,0,8,N/A,N/A,N/A,N/A,-1.0252790451049805,25.119335174560547,8,8,8,0.4772854447364807,0.8333333333333334,1.0,0.05926157812356136,0.0,0.023570573892074734,False,False,True,0
conv73,conv,20,20,128,128,1,1,1,1,concat16,concat17,16512.0,6604800.0,,7544.80,79525,51200.0,2,1,1,64,8,1,1,1,1,1,False,,False,,113.13875579833984,113.13875579833984,yolo11n_640/conv73,0,0,1,0.39348999999999995,0,64,0.7846589088439941,0.19314680993556976,0.22981309170727787,32,1024,yolo11n_640_context_3,False,0.0006161116666666667,16512.0,13107200.0,0,8,-1.0252790451049805,25.119335174560547,-1.2287590503692627,0.7187973260879517,-0.3795739412307739,11.719345092773438,8,8,16,0.7846589088439941,0.8333333333333334,1.0,0.2928827916398121,1.0,0.1915109097560649,False,True,True,0
concat17,concat,20|20|20,20|20|20,384,128|128|128,,,,,conv_feature_splitter10_1 conv_feature_splitter10_2 conv73,conv74,0,0,,12768.95,46989,,1,1,1,384,0,1,1,,,,False,,False,,113.13875579833984,0.0,yolo11n_640/concat17,0,0,1,0.39564166666666667,0,384,0.49032753705978394,0.9806550741195679,0.08485406735623675,10,3072,yolo11n_640_context_3,False,0.0006204866666666667,0,0,0,8,N/A,N/A,N/A,N/A,-0.3795739412307739,11.719345092773438,8,8,8,0.49032753705978394,0.8333333333333334,1.0,0.1730558880397753,0.0,0.07071172279686397,False,True,True,0
conv74,conv,20,20,256,384,1,1,1,1,concat17,conv75 dw6,98560.0,39424000.0,,4460.73,134507,87772.0,7,1,1,40,5,2,0.9833333328452707,1,1,1,False,,False,,339.416259765625,247.4910125732422,yolo11n_640/conv74,7,0,1,0.398785,0,37,0.8609217405319214,0.2498011291027069,0.4264800683315611,8,6720,yolo11n_640_context_3,False,0.00062495,98560.0,78643200.0,4480,8,-0.3795739412307739,11.719345092773438,-2.2769241333007812,1.1921217441558838,-0.29867789149284363,12.395133018493652,8,8,16,0.8609217405319214,0.8333333333333334,0.9142857142857143,0.49537611637970713,1.0,0.3249371949192847,False,True,False,0
conv75,conv,20,20,64,256,3,3,1,1,conv74,conv76,147520.0,59008000.0,,2339.31,256486,115200.0,8,1,2,8,2,1,0.4097222222222222,1,1,1,True,,False,,226.2775115966797,56.56937789916992,yolo11n_640/conv75,4,0,1,0.4435616666666667,0,8,0.7913258671760559,0.03992420807480812,0.7474965707338841,64,512,yolo11n_640_context_3,False,0.00068359,120832,117964800.0,8192,8,-0.29867789149284363,12.395133018493652,-1.2500760555267334,0.7581480145454407,-0.2921494245529175,12.124200820922852,8,8,16,0.7913258671760559,0.625,1.0,0.9446128349139121,1.0,0.46718535670867756,False,False,True,0
conv76,conv,20,20,64,64,3,3,1,1,conv75,conv77,36928.0,14771200.0,,6066.67,98901,57600.0,4,1,1,16,2,1,1,1,1,1,False,,False,,56.56937789916992,56.56937789916992,yolo11n_640/conv76,0,0,1,0.42547833333333335,0,16,0.7719841003417969,0.07765340805053711,0.2811895755746397,64,512,yolo11n_640_context_3,False,0.0006955983333333333,36928.0,29491200.0,6144,8,-0.2921494245529175,12.124200820922852,-2.7222015857696533,2.470421314239502,-0.40174320340156555,50.82051467895508,8,8,16,0.7719841003417969,0.8333333333333334,1.0,0.3642427032501611,1.0,0.23432464631219976,False,True,True,0
conv77,conv,20,20,64,64,1,1,1,1,conv76,output_layer5,4160.0,1664000.0,,15745.14,38107,25600.0,1,1,1,64,8,1,1,1,1,1,False,,False,,56.56937789916992,56.56937789916992,yolo11n_640/conv77,0,0,1,0.40258666666666665,0,64,0.8313432931900024,0.20153777301311493,0.11667433523097843,21,1536,yolo11n_640_context_3,False,0.000696835,4160.0,3276800.0,1024,8,-0.40174320340156555,50.82051467895508,-0.337890625,0.332763671875,-8.854042053222656,13.72376537322998,8,8,16,0.8313432931900024,0.8333333333333334,1.0,0.1403443513488629,1.0,0.09722861269248204,False,True,False,0
dw6,dw,20,20,256,256,3,3,1,1,conv74,conv78,2560.0,1024000,,2349.06,255421,4800,3,1,1,85,1,1,1,1,1,1,False,,False,,226.2775115966797,226.2775115966797,yolo11n_640/dw6,0,0,1,0.44417,0,86,0.6121423244476318,0.12027201801538467,0.5758364962811475,5,6144,yolo11n_640_context_3,False,0.0006841983333333334,2560.0,1843200,25344,8,-0.29867789149284363,12.395133018493652,-3.274345636367798,2.8798460960388184,-0.31547611951828003,19.796127319335938,8,8,16,0.6121423244476318,0.8333333333333334,1.0,0.9406905441487893,1.0,0.47986374690095623,False,False,False,0
conv78,conv,20,20,80,256,1,1,1,1,dw6,dw7,20560.0,8224000.0,,7149.07,83927,64000.0,2,1,1,40,5,1,1,1,1,1,False,,False,,226.2775115966797,70.71172332763672,yolo11n_640/conv78,0,0,1,0.4094333333333333,0,40,0.9222300052642822,0.11438512057065964,0.28505661597206666,17,1920,yolo11n_640_context_3,False,0.0006912066666666666,20560.0,16384000.0,1280,8,-0.31547611951828003,19.796127319335938,-1.5224761962890625,0.9931145906448364,-0.2857432961463928,14.287165641784668,8,8,16,0.9222300052642822,0.8333333333333334,1.0,0.3090949268023202,1.0,0.23754717997672223,False,False,False,0
dw7,dw,20,20,80,80,3,3,1,1,conv78,conv79,800.0,320000,,4832.12,124169,4500,1,1,1,80,1,1,1,1,1,1,False,,False,,70.71172332763672,70.71172332763672,yolo11n_640/dw7,0,0,1,0.42227,0,80,0.4252268970012665,0.07731398195028305,0.19445722704631346,17,1920,yolo11n_640_context_3,False,0.0007110516666666666,800.0,576000,0,8,-0.2857432961463928,14.287165641784668,-3.835728406906128,5.921876430511475,-0.3411845564842224,21.409330368041992,8,8,16,0.4252268970012665,0.8333333333333334,1.0,0.4573022741920634,1.0,0.16204768920526122,False,False,False,0
conv79,conv,20,20,80,80,1,1,1,1,dw7,conv80,6480.0,2592000.0,,9857.88,60865,40000.0,1,1,1,80,5,1,1,1,1,1,False,,False,,70.71172332763672,70.71172332763672,yolo11n_640/conv79,0,0,1,0.39608,0,80,0.8083463311195374,0.15772610902786255,0.1811987825930969,51,640,yolo11n_640_context_3,False,0.000716135,6480.0,5120000.0,0,8,-0.3411845564842224,21.409330368041992,-5.479386806488037,3.8661863803863525,-0.4452330768108368,56.321983337402344,8,8,16,0.8083463311195374,0.8333333333333334,1.0,0.2241598379523064,1.0,0.15099898549424742,False,False,True,0
conv80,conv,20,20,80,80,1,1,1,1,conv79,output_layer6,6480.0,2592000.0,,10747.49,55827,40000.0,1,1,1,80,5,1,1,1,1,1,False,,False,,70.71172332763672,70.71172332763672,yolo11n_640/conv80,0,0,1,0.3960433333333333,0,80,0.8812940120697021,0.1719598025083542,0.1811987876321343,17,1920,yolo11n_640_context_3,False,0.000717805,6480.0,5120000.0,640,8,-0.4452330768108368,56.321983337402344,-0.279296875,0.18603515625,-50.88098907470703,3.4062585830688477,8,8,16,0.8812940120697021,0.8333333333333334,1.0,0.20560537703710524,1.0,0.15099898969344525,False,True,False,0
matmul2_reshape,format_conversion,20,20,40,128,,,,,,,0,0,,27219.53,22043,,1,1,1,40,0,1,1,2,,,False,,False,,170.55392456054688,0.0,,0,0,1,0.30502666666666667,0,40,0.0,0.0,0.0,12,2560,yolo11n_640_context_1,False,0.0006742316666666667,0,0,0,8,N/A,N/A,N/A,N/A,N/A,N/A,8,8,8,0.0,0.8333333333333334,1.0,0.12238020419833555,0.0,0.0,False,False,False,0

BANDWIDTH STATISTICS
layer_name,context_name,direction,type,bytes_per_buffer,buffers_per_frame,bytes_per_frame
yolo11n_640/input_layer1,yolo11n_640_context_0,in,boundary,1920,640,1228800
yolo11n_640/conv_feature_splitter3_1,yolo11n_640_context_0,out,intermediate,2560,40,102400
yolo11n_640/conv_feature_splitter3_2,yolo11n_640_context_0,out,intermediate,2560,40,102400
yolo11n_640/conv14,yolo11n_640_context_0,out,intermediate,1280,40,51200
yolo11n_640/conv15,yolo11n_640_context_0,out,intermediate,1280,40,51200
yolo11n_640/conv11,yolo11n_640_context_0,out,intermediate,10240,80,819200
yolo11n_640/yolo11n_640_yolo11n_640_context_0_to_yolo11n_640_context_1_5115,yolo11n_640_context_1,in,intermediate,2560,40,102400
yolo11n_640/yolo11n_640_yolo11n_640_context_0_to_yolo11n_640_context_1_5122,yolo11n_640_context_1,in,intermediate,1280,40,51200
yolo11n_640/yolo11n_640_yolo11n_640_context_0_to_yolo11n_640_context_1_5120,yolo11n_640_context_1,in,intermediate,1280,40,51200
yolo11n_640/yolo11n_640_yolo11n_640_context_0_to_yolo11n_640_context_1_5119,yolo11n_640_context_1,in,intermediate,1280,40,51200
yolo11n_640/yolo11n_640_yolo11n_640_context_0_to_yolo11n_640_context_1_5117,yolo11n_640_context_1,in,intermediate,2560,40,102400
yolo11n_640/conv_feature_splitter5_1,yolo11n_640_context_1,out,intermediate,3072,20,61440
yolo11n_640/conv_feature_splitter5_2,yolo11n_640_context_1,out,intermediate,3072,20,61440
yolo11n_640/reduce_max_softmax1,yolo11n_640_context_1,out,intermediate,48,20,960
yolo11n_640/conv_feature_splitter6_3,yolo11n_640_context_1,out,intermediate,3072,20,61440
yolo11n_640/activation1,yolo11n_640_context_1,out,intermediate,2560,20,51200
yolo11n_640/matmul1,yolo11n_640_context_1,out,intermediate,19200,20,384000
yolo11n_640/conv21,yolo11n_640_context_1,out,intermediate,5120,40,204800
yolo11n_640/yolo11n_640_yolo11n_640_context_1_to_yolo11n_640_context_2_5128,yolo11n_640_context_2,in,intermediate,3072,20,61440
yolo11n_640/yolo11n_640_yolo11n_640_context_1_to_yolo11n_640_context_2_5126,yolo11n_640_context_2,in,intermediate,3072,20,61440
yolo11n_640/yolo11n_640_yolo11n_640_context_1_to_yolo11n_640_context_2_5124,yolo11n_640_context_2,in,intermediate,5120,40,204800
yolo11n_640/yolo11n_640_yolo11n_640_context_0_to_yolo11n_640_context_2_5113,yolo11n_640_context_2,in,intermediate,10240,80,819200
yolo11n_640/yolo11n_640_yolo11n_640_context_1_to_yolo11n_640_context_2_5136,yolo11n_640_context_2,in,intermediate,48,20,960
yolo11n_640/yolo11n_640_yolo11n_640_context_1_to_yolo11n_640_context_2_5134,yolo11n_640_context_2,in,intermediate,19200,20,384000
yolo11n_640/yolo11n_640_yolo11n_640_context_1_to_yolo11n_640_context_2_5132,yolo11n_640_context_2,in,intermediate,2560,20,51200
yolo11n_640/yolo11n_640_yolo11n_640_context_1_to_yolo11n_640_context_2_5130,yolo11n_640_context_2,in,intermediate,3072,20,61440
yolo11n_640/conv52,yolo11n_640_context_2,out,intermediate,6400,80,512000
yolo11n_640/conv50,yolo11n_640_context_2,out,intermediate,5120,80,409600
yolo11n_640/concat13,yolo11n_640_context_2,out,intermediate,7680,40,307200
yolo11n_640/conv_feature_splitter9_1,yolo11n_640_context_2,out,intermediate,2560,40,102400
yolo11n_640/conv39,yolo11n_640_context_2,out,intermediate,6144,20,122880
yolo11n_640/yolo11n_640_yolo11n_640_context_2_to_yolo11n_640_context_3_5138,yolo11n_640_context_3,in,intermediate,6144,20,122880
yolo11n_640/yolo11n_640_yolo11n_640_context_2_to_yolo11n_640_context_3_5146,yolo11n_640_context_3,in,intermediate,6400,80,512000
yolo11n_640/yolo11n_640_yolo11n_640_context_2_to_yolo11n_640_context_3_5144,yolo11n_640_context_3,in,intermediate,2560,40,102400
yolo11n_640/yolo11n_640_yolo11n_640_context_2_to_yolo11n_640_context_3_5142,yolo11n_640_context_3,in,intermediate,5120,80,409600
yolo11n_640/yolo11n_640_yolo11n_640_context_2_to_yolo11n_640_context_3_5140,yolo11n_640_context_3,in,intermediate,7680,40,307200
yolo11n_640/conv65,yolo11n_640_context_3,out,boundary,3200,40,128000
yolo11n_640/conv62,yolo11n_640_context_3,out,boundary,2560,40,102400
yolo11n_640/conv80,yolo11n_640_context_3,out,boundary,1920,20,38400
yolo11n_640/conv77,yolo11n_640_context_3,out,boundary,1536,20,30720
yolo11n_640/conv51,yolo11n_640_context_3,out,boundary,5120,80,409600
yolo11n_640/conv54,yolo11n_640_context_3,out,boundary,6400,80,512000

BANDWIDTH PER CONTEXT STATISTICS
context_name,total_bytes_per_frame,fps,bandwidth_gbit_sec
yolo11n_640_context_0,2355200,2065.354707459717,38.914587256073
yolo11n_640_context_1,1183680,3331.131085560102,31.543945946846254
yolo11n_640_context_2,3098560,2221.095222053995,55.057574489981015
yolo11n_640_context_3,2675200,2209.741276125587,47.29199889512936
total (yolo11n_640),9312640,no runtime data,no runtime data

CAT STATISTICS PER CONTEXT
context_name,sequencer_total_data_size,sequencer_bias_size,sequencer_apu_data_size,sequencer_ia_data_size,sequencer_sc_data_size,sequencer_lcu_data_size,sequencer_l2_data_size,sequencer_padding_size,sequencer_io_data_size,sequencer_scw_overhead,cluster_manager_data_size,axis_data_size,other_data_size,partial_data_size,ppu_data_size,nops_data_size,l2_data_size
yolo11n_640_context_0,238480,0,9792,3740,4796,177376,0,0,14116,20720,28160,936,864,420,5648,80,718216
yolo11n_640_context_1,211188,0,9216,3604,5060,145948,0,0,18772,24488,28160,936,864,348,5648,80,362560
yolo11n_640_context_2,244288,0,9024,3808,4708,183228,0,0,14872,21108,28160,936,864,408,5648,80,605480
yolo11n_640_context_3,204420,0,10560,3468,5720,155200,0,0,12044,18068,16896,936,864,452,5648,80,424416
Preliminary,206840,0,10560,3468,7568,155200,0,0,12044,27360,16896,936,924,1024,5648,80,627408
